,player_id,team_rank,dbnos,assists,boosts,damage_dealt,headshot_kills,heals,kill_points,kill_points_delta,kill_streaks,kills,last_kill_points,last_win_points,longest_kill,most_damage,rank_points,revives,team_kills,time_survived,win_points,win_points_delta
0,GV_chillrex,8,0,0,0,0.0,0,0,0,0,0,0,0,0,0.0,0,0,0,0,100.954,0,0
1,GV_afham,8,1,0,0,196.950134,0,1,0,0,0,0,0,0,0.0,0,0,0,0,279.116,0,0
2,GV_jerieno,8,0,0,0,0.0,0,0,0,0,0,0,0,0,0.0,0,0,0,0,95.08,0,0
3,GV_njRx,8,5,0,1,354.745941,1,5,0,0,1,2,0,0,8.14926052,0,0,0,0,371.008,0,0
4,RRQ_VALDEMORT,3,0,0,0,0.0,0,0,0,0,0,0,0,0,0.0,0,0,0,0,116.78,0,0
5,RRQ_Ma4nn,3,0,0,0,21.7940559,0,0,0,0,0,0,0,0,0.0,0,0,0,0,111.818,0,0
6,RRQ_ASwp,3,1,0,0,140.87616,0,0,0,0,1,1,0,0,1.16760218,0,0,0,0,110.784,0,0
7,RRQ_CoppinLee,3,0,0,0,0.0,0,0,0,0,0,0,0,0,0.0,0,0,0,0,569.474,0,0
8,QUAC_Fr0zz3rn,14,2,0,0,83.69639,0,0,0,0,1,1,0,0,28.0422611,0,0,0,0,185.037,0,0
9,QUAC_Raldo,14,1,0,0,132.807846,1,0,0,0,1,1,0,0,3.67541862,0,0,0,0,185.048,0,0
10,QUAC_Apluxx,14,1,0,0,167.9651,1,0,0,0,1,1,0,0,1.752268,0,0,1,0,185.045,0,0
11,QUAC_Scyrex,14,0,1,0,48.3384857,0,0,0,0,0,0,0,0,0.0,0,0,0,0,178.162,0,0
12,MKJ_snazzu,17,0,0,0,45.720005,0,0,0,0,0,0,0,0,0.0,0,0,0,0,87.809,0,0
13,MKJ_ROSeksdee,17,0,0,0,44.956707,0,0,0,0,0,0,0,0,0.0,0,0,0,0,105.16,0,0
14,MKJ_Darkaz,17,1,0,0,147.3,0,0,0,0,1,1,0,0,3.71073914,0,0,0,0,157.399,0,0
15,MKJ_kBYTEZ,17,0,0,0,58.8811264,0,0,0,0,0,0,0,0,0.0,0,0,0,0,143.59,0,0
16,PLMES_Justmoment,16,0,0,0,0.0,0,0,0,0,0,0,0,0,0.0,0,0,0,0,130.408,0,0
17,PLMES_Bossense,16,0,0,0,52.56,0,0,0,0,0,0,0,0,0.0,0,0,0,0,87.414,0,0
18,PLMES_PuuChiwz,16,0,0,0,0.0,0,0,0,0,0,0,0,0,0.0,0,0,0,0,84.602,0,0
19,PLMES_YOSHI,16,0,0,0,0.0,0,0,0,0,0,0,0,0,0.0,0,0,0,0,161.071,0,0
20,2Be_Reggiez,2,4,0,1,459.005463,1,4,0,0,3,6,0,0,35.3490334,0,0,0,0,671.645,0,0
21,2Be_Jamesftz-,2,2,3,1,244.33316,0,0,0,0,1,2,0,0,6.24796,0,0,4,0,397.615,0,0
22,2Be_JobJab_-,2,0,0,0,81.72,0,0,0,0,0,0,0,0,0.0,0,0,0,0,98.35,0,0
23,2Be_Jayers-,2,1,3,0,171.286575,1,7,0,0,1,2,0,0,9.272455,0,0,1,0,597.165,0,0
24,Refund_Pino,10,2,0,0,142.505066,1,3,0,0,3,3,0,0,37.71132,0,0,1,0,309.915,0,0
25,Refund_Rambo,10,0,0,0,0.0,0,0,0,0,0,0,0,0,0.0,0,0,0,0,90.231,0,0
26,Refund_FunkyM,10,2,0,0,265.01236,1,0,0,0,2,2,0,0,5.87480736,0,0,0,0,150.805,0,0
27,Refund_DjChip,10,1,2,0,159.118866,1,3,0,0,1,1,0,0,4.697847,0,0,0,0,309.92,0,0
28,JG_FTS-RocBRAZEN,19,1,0,0,100.0,0,0,0,0,1,1,0,0,1.2578162,0,0,0,0,109.637,0,0
29,JG_FTS-IkyCUBETv,19,0,0,0,13.63928,0,0,0,0,0,0,0,0,0.0,0,0,0,0,132.016,0,0
30,JG_FTS-AvocrnMSI,19,0,0,0,0.0,0,0,0,0,0,0,0,0,0.0,0,0,0,0,117.716,0,0
31,JG_FTS-AnggaMSI,19,0,0,0,44.9792976,0,0,0,0,0,0,0,0,0.0,0,0,0,0,132.024,0,0
32,RM5S_MeoU,5,0,0,0,0.0,0,0,0,0,0,0,0,0,0.0,0,0,0,0,127.111,0,0
33,RM5S_Snake,5,0,0,0,90.0,0,0,0,0,0,0,0,0,0.0,0,0,0,0,90.713,0,0
34,RM5S_OcVoDich,5,0,0,0,0.0,0,0,0,0,0,0,0,0,0.0,0,0,0,0,91.311,0,0
35,RM5S_Tik,5,7,0,2,598.9841,4,3,0,0,2,9,0,0,104.080254,0,0,0,0,509.836,0,0
36,GeekFam_JangS,4,0,1,0,11.6100006,0,0,0,0,0,0,0,0,0.0,0,0,0,0,499.666,0,0
37,GeekFam_KnyG,4,2,1,4,487.2371,0,3,0,0,1,3,0,0,39.4572563,0,0,0,0,502.567,0,0
38,GeekFam_Savior,4,4,1,2,404.8774,4,1,0,0,2,6,0,0,44.49543,0,0,1,0,532.021,0,0
39,GeekFam_Modyyy,4,0,0,0,0.0,0,0,0,0,0,0,0,0,0.0,0,0,0,0,248.467,0,0
40,ArkAngel_k1lla-,11,0,0,0,0.0,0,0,0,0,0,0,0,0,0.0,0,0,0,0,135.534,0,0
41,ArkAngel_AidreN,11,3,0,0,287.67807,0,2,0,0,4,4,0,0,31.0752544,0,0,0,0,207.496,0,0
42,ArkAngel_dex,11,1,0,0,82.10907,0,0,0,0,0,0,0,0,0.0,0,0,0,0,155.616,0,0
43,ArkAngel_Haxxxx,11,1,0,2,249.02,0,2,0,0,1,2,0,0,46.8208733,0,0,0,0,258.04,0,0
44,GIX_MeGaLoRD,12,1,0,0,107.977814,0,0,0,0,1,1,0,0,45.505394,0,0,0,0,212.354,0,0
45,GIX_Vintage7,12,0,0,0,0.0,0,0,0,0,0,0,0,0,0.0,0,0,0,0,164.967,0,0
46,GIX_Asterrr,12,2,0,0,137.988342,1,0,0,0,1,2,0,0,14.7429056,0,0,0,0,182.172,0,0
47,GIX_SiKANCIL,12,0,2,1,77.45316,0,1,0,0,0,0,0,0,0.0,0,0,0,0,212.348,0,0
48,TNC_JustinWeaver,20,1,0,0,112.820724,0,0,0,0,0,0,0,0,0.0,0,0,0,0,131.576,0,0
49,TNC_Lstr-,20,1,0,0,100.0,0,0,0,0,1,1,0,0,0.824070036,0,0,0,0,118.378,0,0
50,AG_dmggg,18,0,0,0,72.8,0,0,0,0,0,0,0,0,0.0,0,0,0,0,97.953,0,0
51,AG_ThanawatTH,18,0,0,0,42.6299973,0,0,0,0,0,0,0,0,0.0,0,0,0,0,150.097,0,0
52,AG_p1scezPRO,18,0,1,0,144.24,0,0,0,0,0,0,0,0,0.0,0,0,0,0,90.014,0,0
53,AG_GeneralGaming,18,0,0,0,0.0,0,0,0,0,0,0,0,0,0.0,0,0,0,0,96.349,0,0
54,Divine_Nickyyy,6,0,0,1,76.21215,0,0,0,0,1,1,0,0,72.20283,0,0,0,0,446.709,0,0
55,Divine_DoubleP,6,0,0,2,122.910995,0,3,0,0,1,1,0,0,8.013635,0,0,0,0,240.433,0,0
56,Divine_Leviz,6,2,1,0,171.0,1,0,0,0,1,2,0,0,14.8935823,0,0,0,0,194.264,0,0
57,Divine_Jettt,6,2,0,0,200.0,0,0,0,0,1,2,0,0,19.7680759,0,0,0,0,175.062,0,0
58,AW_EntruvNIMO,1,0,0,0,61.24,0,0,0,0,0,0,0,0,0.0,0,0,0,0,96.033,0,0
59,AW_ArthurNIMO,1,0,0,0,58.194828,0,0,0,0,0,0,0,0,0.0,0,0,0,0,436.803,0,0
60,AW_KatouNIMO,1,1,0,1,477.385864,0,0,0,0,1,4,0,0,57.72294,0,0,0,0,671.689,0,0
61,AW_ExgonidNIMO,1,0,0,0,0.0,0,0,0,0,0,0,0,0,0.0,0,0,0,0,96.733,0,0
62,VikingsW_Liningz,13,0,0,0,0.0,0,0,0,0,0,0,0,0,0.0,0,0,0,0,153.454,0,0
63,VikingsW_Jikey,13,1,1,0,45.8619041,0,0,0,0,0,0,0,0,0.0,0,0,0,0,191.678,0,0
64,VikingsW_Bongmin,13,0,0,0,79.5600052,0,0,0,0,0,0,0,0,0.0,0,0,0,0,165.518,0,0
65,VikingsW_Slowz,13,0,1,0,86.62563,0,0,0,0,0,0,0,0,0.0,0,0,0,0,162.533,0,0
66,xunwu_QuickENDz,15,1,0,0,38.4400024,0,0,0,0,1,1,0,0,2.59162784,0,0,0,0,158.934,0,0
67,xunwu_OilMN,15,1,0,0,99.99999,0,0,0,0,0,0,0,0,0.0,0,0,0,0,162.066,0,0
68,xunwu_Pat2301,15,0,0,0,0.0,0,0,0,0,0,0,0,0,0.0,0,0,0,0,141.263,0,0
69,xunwu_Archz,15,0,1,0,61.5599976,0,0,0,0,0,0,0,0,0.0,0,0,0,0,162.06,0,0
70,GAMEHOME_zGou1,9,2,0,0,290.365,0,9,0,0,2,2,0,0,17.7694759,0,0,0,0,306.294,0,0
71,GAMEHOME_Ssubang,9,3,0,1,273.06,1,4,0,0,1,3,0,0,29.12242,0,0,0,0,351.356,0,0
72,GAMEHOME_Kai,9,0,0,0,22.9499989,0,1,0,0,0,0,0,0,0.0,0,0,0,0,308.874,0,0
73,GAMEHOME_Nielt,9,2,0,0,300.0,0,0,0,0,1,1,0,0,0.6554189,0,0,2,0,351.35,0,0
74,Logitech_Shaggyy,7,2,0,2,237.05,2,5,0,0,2,3,0,0,7.85384274,0,0,1,0,389.952,0,0
75,Logitech_xTouyx2,7,2,0,1,256.28,0,3,0,0,1,3,0,0,14.7020054,0,0,0,0,388.393,0,0
76,Logitech_benwick,7,2,0,0,173.897141,1,2,0,0,2,2,0,0,3.73115826,0,0,0,0,388.385,0,0
77,Logitech_Lionarz-,7,0,1,0,18.7200012,0,0,0,0,0,0,0,0,0.0,0,0,0,0,144.578,0,0
78,2Be_JobJab_-,12,0,0,6,67.54837,0,7,0,0,0,0,0,0,0.0,0,0,0,0,1593.08,0,0
79,2Be_Reggiez,12,1,0,5,284.849945,0,5,0,0,1,1,0,0,3.448631,0,0,0,0,1576.013,0,0
80,2Be_Jamesftz-,12,2,1,3,190.346512,1,8,0,0,2,3,0,0,168.203949,0,0,0,0,1581.74,0,0
81,2Be_Jayers-,12,2,0,4,315.9961,1,11,0,0,1,1,0,0,78.76042,0,0,2,0,1568.908,0,0
82,GAMEHOME_SsuBang,3,1,1,3,289.21225,0,4,0,0,1,1,0,0,27.4347286,0,0,0,0,2090.035,0,0
83,GAMEHOME_zGou1,3,2,1,2,346.690216,1,1,0,0,1,1,0,0,124.6131,0,0,0,0,1889.825,0,0
84,GAMEHOME_Kai,3,0,0,0,19.9016762,0,0,0,0,0,0,0,0,0.0,0,0,0,0,756.658,0,0
85,GAMEHOME_Nielt,3,0,0,0,317.839874,0,4,0,0,0,0,0,0,0.0,0,0,0,0,1699.059,0,0
86,QUAC_Fr0zz3rn,15,1,0,1,124.934464,0,6,0,0,0,0,0,0,0.0,0,0,1,0,1212.975,0,0
87,QUAC_Apluxx,15,0,0,1,0.0,0,1,0,0,0,0,0,0,0.0,0,0,0,0,1130.297,0,0
88,QUAC_Raldo,15,0,0,0,0.0,0,0,0,0,0,0,0,0,0.0,0,0,0,0,281.386,0,0
89,QUAC_Scyrex,15,1,0,3,59.26672,0,10,0,0,0,0,0,0,0.0,0,0,0,0,1535.856,0,0
90,PLMES_Bossense,5,2,2,4,302.9825,1,1,0,0,2,3,0,0,35.2556267,0,0,0,0,1890.29,0,0
91,PLMES_PuuChiwz,5,3,0,7,371.447784,1,5,0,0,1,3,0,0,40.58196,0,0,0,0,1899.085,0,0
92,PLMES_Justmoment,5,0,0,0,0.0,0,0,0,0,0,0,0,0,0.0,0,0,1,0,1560.967,0,0
93,PLMES_YOSHI,5,2,2,6,253.511047,0,12,0,0,2,2,0,0,53.8626862,0,0,0,0,1998.423,0,0
94,Refund_Pino,11,0,0,3,37.02017,0,7,0,0,0,0,0,0,0.0,0,0,0,0,1597.56,0,0
95,Refund_FunkyM,11,0,0,0,24.5320835,0,0,0,0,0,0,0,0,0.0,0,0,1,0,1563.345,0,0
96,Refund_DjChip,11,0,0,1,67.361145,0,1,0,0,0,0,0,0,0.0,0,0,1,0,1585.854,0,0
97,Refund_Rambo,11,0,0,3,219.8721,0,1,0,0,0,0,0,0,0.0,0,0,0,0,1548.793,0,0
98,TNC_Lstr-,8,0,1,3,144.350525,0,3,0,0,0,0,0,0,0.0,0,0,0,0,1718.771,0,0
99,TNC_HipsterD,8,1,0,3,52.6114655,1,2,0,0,1,1,0,0,109.245789,0,0,1,0,1718.775,0,0
100,TNC_JustinWeaver,8,0,0,1,0.0,0,1,0,0,0,0,0,0,0.0,0,0,0,0,1718.792,0,0
101,TNC_O_Man_P,8,1,0,2,189.610016,0,12,0,0,1,1,0,0,3.42098784,0,0,2,0,1718.784,0,0
102,JG_FTS-AnggaMSI,14,0,0,1,25.8,0,0,0,0,0,0,0,0,0.0,0,0,0,0,518.62,0,0
103,JG_FTS-RocBRAZEN,14,0,0,0,28.38,0,1,0,0,0,0,0,0,0.0,0,0,0,0,485.635,0,0
104,JG_FTS-IkyCUBETv,14,1,0,4,389.855865,1,6,0,0,1,1,0,0,3.21361852,0,0,2,0,1561.98,0,0
105,JG_FTS-AvocrnMSI,14,6,0,4,518.0521,2,11,0,0,1,5,0,0,237.840683,0,0,1,0,1561.985,0,0
106,GIX_Vintage7,13,0,1,1,36.92995,0,6,0,0,0,0,0,0,0.0,0,0,0,0,1574.378,0,0
107,GIX_MeGaLoRD,13,0,0,0,0.0,0,0,0,0,0,0,0,0,0.0,0,0,0,0,465.549,0,0
108,GIX_Asterrr,13,1,0,4,126.645271,0,11,0,0,1,2,0,0,45.5947571,0,0,0,0,1561.318,0,0
109,GIX_SiKANCIL,13,2,2,1,322.675049,0,9,0,0,0,0,0,0,0.0,0,0,0,0,1556.36,0,0
110,GeekFam_KnyG,9,1,0,1,75.0,0,1,0,0,1,1,0,0,84.1234741,0,0,0,0,1443.835,0,0
111,GeekFam_JangS,9,0,3,2,236.204437,0,3,0,0,0,0,0,0,0.0,0,0,0,0,1645.016,0,0
112,GeekFam_Savior,9,1,1,0,187.327789,0,10,0,0,0,0,0,0,0.0,0,0,0,0,1712.213,0,0
113,GeekFam_Modyyy,9,1,0,1,179.6206,0,3,0,0,1,1,0,0,129.634567,0,0,0,0,1129.183,0,0
114,Logitech_Lionarz-,10,0,0,1,45.9695473,0,5,0,0,0,0,0,0,0.0,0,0,0,0,1605.81,0,0
115,Logitech_benwick,10,0,0,0,0.0,0,0,0,0,0,0,0,0,0.0,0,0,0,0,221.195,0,0
116,Logitech_Shaggyy,10,2,0,2,285.6832,0,1,0,0,0,0,0,0,0.0,0,0,0,0,668.187,0,0
117,Logitech_xTouyx2,10,0,0,0,0.0,0,0,0,0,0,0,0,0,0.0,0,0,0,0,276.333,0,0
118,ArkAngel_k1lla-,18,0,0,2,45.8159561,0,4,0,0,0,0,0,0,0.0,0,0,0,0,1195.737,0,0
119,ArkAngel_dex,18,1,0,1,114.911736,0,5,0,0,0,0,0,0,0.0,0,0,0,0,1147.845,0,0
120,ArkAngel_AidreN,18,1,0,2,73.34831,0,1,0,0,0,0,0,0,0.0,0,0,0,0,1123.115,0,0
121,ArkAngel_Haxxxx,18,0,0,2,0.0,0,0,0,0,0,0,0,0,0.0,0,0,0,0,1195.745,0,0
122,GV_jerieno,16,1,0,3,130.0679,0,25,0,0,1,1,0,0,6.56423473,0,0,2,0,1510.579,0,0
123,GV_afham,16,0,0,3,117.071,0,9,0,0,3,3,0,0,58.49613,0,0,0,1,1374.865,0,0
124,GV_njRx,16,1,0,5,169.885208,0,23,0,0,1,1,0,0,1.717975,0,0,1,0,1504.84,0,0
125,GV_chillrex,16,1,3,5,410.002655,0,13,0,0,1,1,0,0,19.8834476,0,0,0,0,1502.209,0,0
126,VikingsW_Liningz,4,1,0,5,189.23793,0,0,0,0,0,0,0,0,0.0,0,0,0,0,2078.725,0,0
127,VikingsW_Slowz,4,1,0,3,194.6,1,0,0,0,1,1,0,0,16.0021,0,0,0,0,2074.238,0,0
128,VikingsW_Jikey,4,2,1,8,214.38,0,1,0,0,0,0,0,0,0.0,0,0,0,0,2077.126,0,0
129,VikingsW_Bongmin,4,0,0,2,0.0,0,0,0,0,0,0,0,0,0.0,0,0,0,0,1262.234,0,0
130,AW_KatouNIMO,2,1,3,1,657.872559,0,4,0,0,2,3,0,0,128.331436,0,0,0,0,2113.634,0,0
131,AW_EntruvNIMO,2,1,3,5,253.397171,0,0,0,0,1,1,0,0,121.341331,0,0,0,0,1805.058,0,0
132,AW_ArthurNIMO,2,1,0,0,75.0,0,1,0,0,1,1,0,0,19.2359123,0,0,0,0,1160.084,0,0
133,AW_ExgonidNIMO,2,1,0,3,175.272675,0,5,0,0,1,2,0,0,124.623383,0,0,0,0,2027.721,0,0
134,MKJ_Darkaz,20,0,1,0,18.6191,0,3,0,0,0,0,0,0,0.0,0,0,0,0,471.038,0,0
135,MKJ_kBYTEZ,20,0,0,0,0.0,0,0,0,0,0,0,0,0,0.0,0,0,0,0,465.487,0,0
136,MKJ_snazzu,20,0,0,0,0.0,0,0,0,0,0,0,0,0,0.0,0,0,0,0,391.003,0,0
137,MKJ_ROSeksdee,20,1,0,2,194.280853,0,0,0,0,1,1,0,0,18.0278511,0,0,0,0,420.06,0,0
138,Divine_DoubleP,1,6,4,4,560.314453,1,8,0,0,2,6,0,0,210.515274,0,0,2,0,2113.696,0,0
139,Divine_Leviz,1,1,4,4,393.5648,2,1,0,0,1,4,0,0,205.514465,0,0,0,0,2113.696,0,0
140,Divine_Nickyyy,1,2,2,3,482.314667,1,1,0,0,1,3,0,0,208.034515,0,0,0,0,2097.219,0,0
141,Divine_Jettt,1,3,6,5,823.4574,2,2,0,0,2,5,0,0,214.667068,0,0,0,0,2113.696,0,0
142,xunwu_QuickENDz,17,0,0,0,144.378525,0,0,0,0,0,0,0,0,0.0,0,0,0,0,396.934,0,0
143,xunwu_Pat2301,17,2,0,1,148.803421,0,3,0,0,1,1,0,0,49.51397,0,0,0,0,1311.516,0,0
144,xunwu_OilMN,17,2,0,2,362.15036,0,3,0,0,1,3,0,0,50.56426,0,0,0,0,1311.481,0,0
145,xunwu_Archz,17,0,1,3,192.9095,0,10,0,0,0,0,0,0,0.0,0,0,0,0,1311.5,0,0
146,RM5S_Tik,7,0,1,5,49.8676758,0,13,0,0,0,0,0,0,0.0,0,0,1,0,1763.762,0,0
147,RM5S_MeoU,7,1,1,3,198.921188,0,3,0,0,0,0,0,0,0.0,0,0,0,0,1701.277,0,0
148,RM5S_OcVoDich,7,0,0,1,0.0,0,3,0,0,0,0,0,0,0.0,0,0,0,0,1772.731,0,0
149,RM5S_Snake,7,1,0,3,352.665131,0,2,0,0,1,1,0,0,212.2789,0,0,1,0,1773.492,0,0
150,RRQ_ASwp,6,2,1,3,251.170425,0,3,0,0,1,2,0,0,67.43158,0,0,0,0,1791.928,0,0
151,RRQ_VALDEMORT,6,1,1,2,244.349228,0,2,0,0,1,1,0,0,80.06591,0,0,0,0,1791.925,0,0
152,RRQ_CoppinLee,6,2,0,3,185.225769,0,0,0,0,1,2,0,0,377.9302,0,0,0,0,1706.081,0,0
153,RRQ_Ma4nn,6,1,2,2,351.978333,1,0,0,0,2,3,0,0,98.94567,0,0,1,0,1789.256,0,0
154,AG_GeneralGaming,19,2,1,1,320.770569,1,2,0,0,1,1,0,0,30.2153912,0,0,0,0,608.92,0,0
155,AG_dmggg,19,2,0,0,144.790009,0,0,0,0,1,1,0,0,9.427132,0,0,1,0,608.928,0,0
156,AG_ThanawatTH,19,0,0,0,0.0,0,0,0,0,0,0,0,0,0.0,0,0,0,0,416.844,0,0
157,AG_p1scezPRO,19,0,0,0,0.0,0,1,0,0,0,0,0,0,0.0,0,0,0,0,440.485,0,0
158,PLMES_Justmoment,1,2,1,2,366.394836,2,0,0,0,2,3,0,0,32.11612,0,0,0,0,2136.047,0,0
159,PLMES_YOSHI,1,3,1,5,717.9694,1,3,0,0,1,2,0,0,184.992615,0,0,0,0,2136.047,0,0
160,PLMES_Bossense,1,2,1,2,384.295532,0,2,0,0,1,1,0,0,73.9043,0,0,0,0,2136.047,0,0
161,PLMES_PuuChiwz,1,0,2,3,64.68762,0,0,0,0,0,0,0,0,0.0,0,0,0,0,2136.047,0,0
162,Logitech_Shaggyy,9,2,0,2,158.791428,0,5,0,0,1,1,0,0,94.87312,0,0,1,0,1666.485,0,0
163,Logitech_xTouyx2,9,0,0,3,100.154907,1,5,0,0,1,1,0,0,140.06987,0,0,0,0,1656.649,0,0
164,Logitech_Lionarz-,9,0,0,2,0.0,0,4,0,0,0,0,0,0,0.0,0,0,0,0,1634.044,0,0
165,Logitech_benwick,9,0,0,1,196.043808,0,1,0,0,1,1,0,0,14.4168577,0,0,1,0,1630.633,0,0
166,2Be_JobJab_-,16,0,0,1,300.2805,0,1,0,0,0,0,0,0,0.0,0,0,0,0,1468.133,0,0
167,2Be_Jamesftz-,16,0,0,3,93.95451,0,0,0,0,0,0,0,0,0.0,0,0,0,0,1468.108,0,0
168,2Be_Jayers-,16,0,1,2,304.9352,0,1,0,0,0,0,0,0,0.0,0,0,1,0,1468.12,0,0
169,2Be_Reggiez,16,0,0,1,81.31229,0,0,0,0,0,0,0,0,0.0,0,0,0,0,1422.58,0,0
170,ArkAngel_k1lla-,12,1,1,4,59.1847038,0,1,0,0,1,1,0,0,14.7132912,0,0,0,0,1532.289,0,0
171,ArkAngel_dex,12,2,1,2,200.000015,0,5,0,0,0,0,0,0,0.0,0,0,0,0,1522.928,0,0
172,ArkAngel_AidreN,12,3,0,4,360.710876,0,2,0,0,0,0,0,0,0.0,0,0,0,0,1564.134,0,0
173,ArkAngel_Haxxxx,12,0,0,1,0.0,0,1,0,0,0,0,0,0,0.0,0,0,0,0,1551.366,0,0
174,GAMEHOME_SsuBang,3,2,2,1,339.7278,1,6,0,0,1,1,0,0,38.92875,0,0,2,0,2012.293,0,0
175,GAMEHOME_Kai,3,0,0,2,0.0,0,7,0,0,0,0,0,0,0.0,0,0,0,0,1489.377,0,0
176,GAMEHOME_zGou1,3,2,1,2,313.093353,0,2,0,0,1,1,0,0,238.886841,0,0,0,0,1430.555,0,0
177,GAMEHOME_Nielt,3,0,0,0,0.0,0,1,0,0,0,0,0,0,0.0,0,0,0,0,1427.145,0,0
178,RM5S_Tik,2,5,4,6,667.047668,1,9,0,0,1,5,0,0,145.923416,0,0,0,0,2135.98,0,0
179,RM5S_MeoU,2,4,2,12,606.4647,2,2,0,0,3,7,0,0,172.3284,0,0,0,0,2123.264,0,0
180,RM5S_OcVoDich,2,7,1,7,548.9087,0,8,0,0,2,7,0,0,378.712921,0,0,1,0,2132.444,0,0
181,RM5S_Snake,2,6,4,10,681.155945,3,9,0,0,2,6,0,0,170.982269,0,0,2,0,2133.467,0,0
182,Divine_DoubleP,8,0,0,1,100.412262,0,11,0,0,0,0,0,0,0.0,0,0,0,0,1704.009,0,0
183,Divine_Nickyyy,8,0,0,2,0.0,0,0,0,0,0,0,0,0,0.0,0,0,0,0,1362.168,0,0
184,Divine_Leviz,8,0,0,3,163.4874,0,1,0,0,0,0,0,0,0.0,0,0,0,0,1704.017,0,0
185,Divine_Jettt,8,5,0,4,518.292236,1,0,0,0,2,3,0,0,75.9491,0,0,1,0,1704.011,0,0
186,xunwu_OilMN,15,1,0,1,108.437088,0,4,0,0,1,1,0,0,17.097599,0,0,1,0,1506.061,0,0
187,xunwu_QuickENDz,15,0,0,2,0.0,0,3,0,0,0,0,0,0,0.0,0,0,0,0,1098.845,0,0
188,xunwu_Pat2301,15,0,0,1,51.8815041,0,5,0,0,0,0,0,0,0.0,0,0,0,0,1504.884,0,0
189,xunwu_Archz,15,0,0,2,0.0,0,3,0,0,0,0,0,0,0.0,0,0,0,0,1129.531,0,0
190,JG_FTS-IkyCUBETv,11,1,0,2,103.999992,0,0,0,0,1,1,0,0,81.42749,0,0,0,0,1520.887,0,0
191,JG_FTS-AnggaMSI,11,1,0,1,108.037323,0,1,0,0,1,1,0,0,31.3442631,0,0,1,0,1573.757,0,0
192,JG_FTS-AvocrnMSI,11,0,0,2,249.124863,0,7,0,0,0,0,0,0,0.0,0,0,0,0,1571.832,0,0
193,JG_FTS-RocBRAZEN,11,0,0,0,0.0,0,0,0,0,0,0,0,0,0.0,0,0,0,0,1527.395,0,0
194,RRQ_VALDEMORT,6,0,3,6,115.066574,0,6,0,0,0,0,0,0,0.0,0,0,0,0,1744.085,0,0
195,RRQ_ASwp,6,0,0,3,20.2126865,0,2,0,0,1,1,0,0,37.7230644,0,0,1,0,1522.013,0,0
196,RRQ_CoppinLee,6,3,0,3,368.8454,0,1,0,0,2,2,0,0,13.3484573,0,0,0,0,1544.584,0,0
197,RRQ_Ma4nn,6,2,0,0,195.4949,0,0,0,0,1,1,0,0,40.2942543,0,0,0,0,670.878,0,0
198,QUAC_Apluxx,14,1,1,0,51.17246,0,0,0,0,0,0,0,0,0.0,0,0,1,0,1508.537,0,0
199,QUAC_Fr0zz3rn,14,1,0,0,77.0,0,5,0,0,0,0,0,0,0.0,0,0,0,0,1144.705,0,0
200,QUAC_Scyrex,14,1,1,0,308.053528,0,10,0,0,2,3,0,0,171.297791,0,0,0,0,1524.356,0,0
201,QUAC_Raldo,14,0,0,0,0.0,0,0,0,0,0,0,0,0,0.0,0,0,0,0,511.643,0,0
202,AG_GeneralGaming,18,0,0,0,61.335,0,0,0,0,0,0,0,0,0.0,0,0,0,0,1066.876,0,0
203,AG_dmggg,18,0,0,2,0.0,0,1,0,0,0,0,0,0,0.0,0,0,0,0,1231.237,0,0
204,AG_ThanawatTH,18,0,0,1,72.77547,0,0,0,0,0,0,0,0,0.0,0,0,1,0,1069.486,0,0
205,AG_p1scezPRO,18,1,0,2,70.11044,0,2,0,0,0,0,0,0,0.0,0,0,0,0,1062.29,0,0
206,Refund_FunkyM,4,2,0,2,323.0796,0,2,0,0,1,1,0,0,51.29682,0,0,0,0,1725.97,0,0
207,Refund_Pino,4,1,0,1,80.72642,0,5,0,0,1,1,0,0,111.945778,0,0,0,0,630.905,0,0
208,Refund_DjChip,4,5,2,4,356.894958,0,9,0,0,1,3,0,0,151.817535,0,0,0,0,1867.456,0,0
209,Refund_Rambo,4,0,2,3,228.457458,0,0,0,0,0,0,0,0,0.0,0,0,0,0,1862.473,0,0
210,VikingsW_Liningz,7,0,1,6,74.38988,0,6,0,0,0,0,0,0,0.0,0,0,0,0,1712.357,0,0
211,VikingsW_Bongmin,7,0,1,5,98.73739,0,6,0,0,0,0,0,0,0.0,0,0,2,0,1710.544,0,0
212,VikingsW_Jikey,7,0,1,5,83.5379639,1,2,0,0,1,1,0,0,22.4610863,0,0,0,0,1711.938,0,0
213,VikingsW_Slowz,7,2,2,5,257.302917,0,4,0,0,1,2,0,0,440.944153,0,0,2,0,1711.943,0,0
214,GeekFam_KnyG,20,0,0,0,0.0,0,0,0,0,0,0,0,0,0.0,0,0,0,0,518.659,0,0
215,GeekFam_Savior,20,2,0,1,79.0,0,4,0,0,1,1,0,0,30.1020927,0,0,1,1,1079.726,0,0
216,GeekFam_JangS,20,0,0,3,0.0,0,1,0,0,0,0,0,0,0.0,0,0,0,0,1084.121,0,0
217,GeekFam_Modyyy,20,0,1,2,127.192825,0,8,0,0,0,0,0,0,0.0,0,0,0,0,1070.872,0,0
218,GV_jerieno,17,1,0,1,54.3216324,1,0,0,0,1,1,0,0,184.132813,0,0,2,0,1418.205,0,0
219,GV_chillrex,17,0,0,3,0.0,0,2,0,0,0,0,0,0,0.0,0,0,0,0,1376.485,0,0
220,GV_njRx,17,0,0,4,89.1390152,0,2,0,0,0,0,0,0,0.0,0,0,1,0,1418.214,0,0
221,GV_afham,17,0,0,1,61.5963173,0,2,0,0,0,0,0,0,0.0,0,0,0,1,1415.561,0,0
222,TNC_Lstr-,19,0,0,5,56.0932159,0,2,0,0,0,0,0,0,0.0,0,0,0,0,1212.364,0,0
223,TNC_JustinWeaver,19,0,0,5,0.0,0,2,0,0,0,0,0,0,0.0,0,0,0,0,1213.815,0,0
224,TNC_HipsterD,19,0,0,4,0.0,0,6,0,0,0,0,0,0,0.0,0,0,0,0,1213.824,0,0
225,TNC_O_Man_P,19,0,0,4,0.0,0,3,0,0,0,0,0,0,0.0,0,0,0,0,1212.126,0,0
226,AW_ArthurNIMO,5,0,1,1,224.58313,0,1,0,0,1,1,0,0,390.7673,0,0,0,0,1705.699,0,0
227,AW_KatouNIMO,5,4,1,1,911.9746,0,0,0,0,2,4,0,0,219.491089,0,0,0,0,1736.131,0,0
228,AW_EntruvNIMO,5,0,1,1,171.673691,0,1,0,0,0,0,0,0,0.0,0,0,0,0,1747.708,0,0
229,AW_ExgonidNIMO,5,1,0,1,207.093933,0,4,0,0,0,0,0,0,0.0,0,0,2,0,1747.663,0,0
230,GIX_Asterrr,13,0,2,2,0.0,0,0,0,0,0,0,0,0,0.0,0,0,1,0,1555.959,0,0
231,GIX_Vintage7,13,0,0,1,0.0,0,0,0,0,0,0,0,0,0.0,0,0,0,0,1532.585,0,0
232,GIX_SiKANCIL,13,1,1,0,100.05,0,0,0,0,1,1,0,0,32.10377,0,0,0,1,1555.949,0,0
233,GIX_MeGaLoRD,13,2,0,1,305.6294,1,0,0,0,2,3,0,0,33.6503143,0,0,0,0,1552.713,0,0
234,MKJ_Darkaz,10,3,1,4,321.341064,0,6,0,0,0,0,0,0,0.0,0,0,2,0,1605.748,0,0
235,MKJ_snazzu,10,0,0,0,55.13047,0,0,0,0,0,0,0,0,0.0,0,0,0,0,667.528,0,0
236,MKJ_kBYTEZ,10,1,0,2,125.499992,0,4,0,0,1,2,0,0,62.0325623,0,0,1,0,1605.757,0,0
237,MKJ_ROSeksdee,10,1,0,5,149.5,0,11,0,0,0,0,0,0,0.0,0,0,0,0,1443.956,0,0
238,QUAC_Fr0zz3rn,16,1,1,0,161.73999,0,0,0,0,1,1,0,0,30.6558514,0,0,0,0,1216.776,0,0
239,QUAC_Apluxx,16,1,0,0,0.0,0,0,0,0,0,0,0,0,0.0,0,0,0,0,937.757,0,0
240,QUAC_Raldo,16,1,0,4,57.08013,0,4,0,0,1,1,0,0,6.67557859,0,0,0,0,1312.882,0,0
241,QUAC_Scyrex,16,0,1,3,31.83575,0,1,0,0,0,0,0,0,0.0,0,0,1,0,1312.878,0,0
242,PLMES_Bossense,7,3,4,5,221.715866,0,3,0,0,1,3,0,0,271.373718,0,0,0,0,1750.527,0,0
243,PLMES_PuuChiwz,7,3,2,4,278.419434,2,2,0,0,2,4,0,0,469.157471,0,0,1,0,1750.531,0,0
244,PLMES_YOSHI,7,4,4,2,600.7028,0,0,0,0,1,3,0,0,46.7948723,0,0,0,0,1495.526,0,0
245,PLMES_Justmoment,7,2,3,2,454.517456,0,0,0,0,1,2,0,0,77.4441147,0,0,0,0,1610.426,0,0
246,GeekFam_KnyG,19,0,0,2,31.059,0,5,0,0,0,0,0,0,0.0,0,0,0,0,1050.442,0,0
247,GeekFam_Savior,19,0,0,3,48.69,0,3,0,0,0,0,0,0,0.0,0,0,0,0,1057.886,0,0
248,GeekFam_JangS,19,0,0,1,45.6643829,0,7,0,0,0,0,0,0,0.0,0,0,0,0,883.054,0,0
249,GeekFam_Modyyy,19,0,0,2,72.58299,0,1,0,0,0,0,0,0,0.0,0,0,0,0,1049.892,0,0
250,JG_FTS-IkyCUBETv,15,0,0,0,0.0,0,0,0,0,0,0,0,0,0.0,0,0,0,0,1127.871,0,0
251,JG_FTS-AnggaMSI,15,1,0,1,129.4,0,0,0,0,1,1,0,0,7.536257,0,0,0,0,657.995,0,0
252,JG_FTS-AvocrnMSI,15,3,0,3,111.465645,1,2,0,0,1,3,0,0,118.180519,0,0,0,0,1382.096,0,0
253,JG_FTS-RocBRAZEN,15,0,0,0,0.0,0,0,0,0,0,0,0,0,0.0,0,0,0,0,395.776,0,0
254,GV_jerieno,13,2,1,2,112.1466,1,1,0,0,1,1,0,0,252.875488,0,0,0,0,1459.285,0,0
255,GV_afham,13,1,0,6,174.329071,1,2,0,0,1,1,0,0,12.0974112,0,0,0,0,1459.295,0,0
256,GV_njRx,13,0,1,3,118.166283,0,0,0,0,0,0,0,0,0.0,0,0,0,0,1459.289,0,0
257,GV_chillrex,13,2,0,2,230.108185,0,0,0,0,1,2,0,0,92.60909,0,0,1,0,1316.321,0,0
258,GIX_Vintage7,18,1,0,1,137.73,0,0,0,0,1,1,0,0,35.137394,0,0,0,0,1131.827,0,0
259,GIX_Asterrr,18,0,0,0,0.0,0,7,0,0,0,0,0,0,0.0,0,0,0,0,753.742,0,0
260,GIX_MeGaLoRD,18,0,0,0,0.0,0,0,0,0,0,0,0,0,0.0,0,0,0,0,760.348,0,0
261,GIX_SiKANCIL,18,0,0,0,0.0,0,0,0,0,0,0,0,0,0.0,0,0,1,0,755.633,0,0
262,Refund_FunkyM,20,1,0,1,192.011078,0,1,0,0,1,1,0,0,3.233528,0,0,1,0,766.143,0,0
263,Refund_Pino,20,2,0,0,182.579849,1,0,0,0,1,1,0,0,102.7004,0,0,0,0,684.317,0,0
264,Refund_DjChip,20,0,0,0,29.4,0,0,0,0,0,0,0,0,0.0,0,0,0,0,441.944,0,0
265,Refund_Rambo,20,0,0,4,0.0,0,2,0,0,0,0,0,0,0.0,0,0,0,0,648.121,0,0
266,2Be_JobJab_-,5,1,0,7,100.0,1,12,0,0,1,1,0,0,134.208359,0,0,1,0,1789.926,0,0
267,2Be_Reggiez,5,0,1,1,243.421783,0,5,0,0,0,0,0,0,0.0,0,0,0,0,1270.621,0,0
268,2Be_Jamesftz-,5,0,0,8,65.66005,0,10,0,0,0,0,0,0,0.0,0,0,2,0,1609.953,0,0
269,2Be_Jayers-,5,0,0,4,40.24459,0,6,0,0,0,0,0,0,0.0,0,0,0,0,1327.981,0,0
270,GAMEHOME_SsuBang,1,1,0,2,244.717941,1,9,0,0,1,1,0,0,22.9530277,0,0,0,0,1720.648,0,0
271,GAMEHOME_zGou1,1,5,6,2,925.3383,2,1,0,0,1,5,0,0,361.9319,0,0,0,0,2027.791,0,0
272,GAMEHOME_Kai,1,0,0,1,0.0,0,1,0,0,0,0,0,0,0.0,0,0,0,0,1397.341,0,0
273,GAMEHOME_Nielt,1,3,0,2,412.5223,2,2,0,0,2,4,0,0,96.21349,0,0,3,0,2027.791,0,0
274,ArkAngel_k1lla-,11,0,0,0,0.0,0,0,0,0,0,0,0,0,0.0,0,0,0,0,666.82,0,0
275,ArkAngel_Haxxxx,11,0,1,1,0.0,0,0,0,0,0,0,0,0,0.0,0,0,1,0,1549.038,0,0
276,ArkAngel_AidreN,11,0,1,2,186.951767,0,5,0,0,0,0,0,0,0.0,0,0,0,0,1499.949,0,0
277,ArkAngel_dex,11,0,0,2,0.0,0,3,0,0,0,0,0,0,0.0,0,0,0,0,1502.622,0,0
278,Divine_DoubleP,2,3,2,6,588.8101,0,9,0,0,1,2,0,0,98.01288,0,0,1,0,2027.702,0,0
279,Divine_Leviz,2,1,0,2,142.930588,0,0,0,0,1,1,0,0,106.730026,0,0,0,0,1588.357,0,0
280,Divine_Nickyyy,2,4,3,2,828.165,3,6,0,0,2,4,0,0,314.077332,0,0,0,0,2027.707,0,0
281,Divine_Jettt,2,4,2,4,884.5735,0,1,0,0,2,4,0,0,118.305763,0,0,1,0,2027.711,0,0
282,TNC_JustinWeaver,17,0,0,0,15.21874,0,0,0,0,0,0,0,0,0.0,0,0,0,0,673.516,0,0
283,TNC_HipsterD,17,0,0,0,0.0,0,0,0,0,0,0,0,0,0.0,0,0,0,0,451.154,0,0
284,TNC_Lstr-,17,3,0,4,387.474243,0,6,0,0,1,2,0,0,32.6605,0,0,0,0,1243.535,0,0
285,TNC_O_Man_P,17,0,0,3,0.0,0,1,0,0,0,0,0,0,0.0,0,0,1,0,1108.318,0,0
286,RM5S_Tik,12,0,0,0,0.0,0,0,0,0,0,0,0,0,0.0,0,0,0,0,236.177,0,0
287,RM5S_MeoU,12,0,0,0,0.0,0,0,0,0,0,0,0,0,0.0,0,0,0,0,222.781,0,0
288,RM5S_OcVoDich,12,0,0,1,0.0,0,0,0,0,0,0,0,0,0.0,0,0,0,0,1513.23,0,0
289,RM5S_Snake,12,0,0,0,0.0,0,0,0,0,0,0,0,0,0.0,0,0,0,0,223.407,0,0
290,xunwu_QuickENDz,10,2,2,3,277.76947,0,6,0,0,2,3,0,0,135.723679,0,0,0,0,1574.981,0,0
291,xunwu_Pat2301,10,0,0,1,0.0,0,0,0,0,0,0,0,0,0.0,0,0,0,0,872.695,0,0
292,xunwu_OilMN,10,0,0,3,0.0,0,6,0,0,0,0,0,0,0.0,0,0,0,0,1118.304,0,0
293,xunwu_Archz,10,1,2,2,336.867279,1,5,0,0,1,1,0,0,36.42627,0,0,1,0,1574.988,0,0
294,AG_GeneralGaming,8,1,0,2,235.3013,0,7,0,0,1,1,0,0,64.0782,0,0,0,0,1712.495,0,0
295,AG_p1scezPRO,8,1,0,2,251.572815,0,6,0,0,0,0,0,0,0.0,0,0,0,0,1712.475,0,0
296,AG_dmggg,8,2,0,2,189.576385,0,1,0,0,0,0,0,0,0.0,0,0,1,0,1712.482,0,0
297,AG_ThanawatTH,8,1,0,3,88.0,0,4,0,0,1,1,0,0,367.285828,0,0,0,0,1712.486,0,0
298,MKJ_snazzu,6,2,3,3,153.573822,0,0,0,0,1,1,0,0,264.878937,0,0,1,0,1693.115,0,0
299,MKJ_Darkaz,6,0,0,3,0.0,0,4,0,0,0,0,0,0,0.0,0,0,0,0,1668.667,0,0
300,MKJ_kBYTEZ,6,1,1,1,168.998352,0,1,0,0,0,0,0,0,0.0,0,0,0,0,1685.15,0,0
301,MKJ_ROSeksdee,6,3,0,2,289.4424,0,6,0,0,2,2,0,0,34.4177132,0,0,0,0,1778.564,0,0
302,RRQ_ASwp,4,0,0,3,196.150238,1,3,0,0,1,2,0,0,302.0345,0,0,1,0,1860.936,0,0
303,RRQ_VALDEMORT,4,0,1,6,317.738464,0,1,0,0,1,2,0,0,114.239105,0,0,0,0,1972.66,0,0
304,RRQ_CoppinLee,4,0,1,5,124.85479,0,10,0,0,1,2,0,0,274.689972,0,0,0,0,1984.896,0,0
305,RRQ_Ma4nn,4,1,1,1,107.383438,0,2,0,0,1,2,0,0,59.7487068,0,0,1,0,1984.891,0,0
306,AW_ArthurNIMO,9,1,0,0,100.0,0,0,0,0,1,1,0,0,4.14371,0,0,0,0,1226.426,0,0
307,AW_EntruvNIMO,9,1,1,1,103.246918,0,11,0,0,0,0,0,0,0.0,0,0,0,0,1360.901,0,0
308,AW_KatouNIMO,9,1,0,1,153.788315,0,6,0,0,0,0,0,0,0.0,0,0,1,0,1312.78,0,0
309,AW_ExgonidNIMO,9,0,0,1,26.75004,0,1,0,0,0,0,0,0,0.0,0,0,0,0,1652.386,0,0
310,VikingsW_Liningz,3,4,6,4,323.016968,0,10,0,0,0,0,0,0,0.0,0,0,1,0,2003.467,0,0
311,VikingsW_Jikey,3,0,1,3,142.661453,0,2,0,0,1,1,0,0,282.053955,0,0,0,0,1529.352,0,0
312,VikingsW_Slowz,3,3,3,2,349.045044,0,3,0,0,1,3,0,0,163.532654,0,0,2,0,1990.333,0,0
313,VikingsW_Bongmin,3,4,3,2,414.153717,0,6,0,0,1,4,0,0,228.741135,0,0,0,0,1998.64,0,0
314,Logitech_Lionarz-,14,0,0,1,45.57,0,5,0,0,0,0,0,0,0.0,0,0,0,0,946.797,0,0
315,Logitech_Shaggyy,14,0,0,1,18.4761066,0,2,0,0,0,0,0,0,0.0,0,0,0,0,943.465,0,0
316,Logitech_xTouyx2,14,0,0,0,0.0,0,0,0,0,0,0,0,0,0.0,0,0,0,0,706.874,0,0
317,Logitech_benwick,14,1,0,5,60.79985,0,9,0,0,1,1,0,0,38.81764,0,0,0,0,1435.644,0,0
318,2Be_JobJab_-,8,3,0,2,585.3594,1,8,0,0,2,5,0,0,306.365051,0,0,1,0,1511.243,0,0
319,2Be_Reggiez,8,0,1,1,0.0,0,7,0,0,0,0,0,0,0.0,0,0,2,0,1133.071,0,0
320,2Be_Jamesftz-,8,1,2,3,557.312866,0,3,0,0,1,2,0,0,193.9228,0,0,0,0,1582.187,0,0
321,2Be_Jayers-,8,3,1,2,203.923187,0,17,0,0,1,2,0,0,69.0115,0,0,1,0,1508.136,0,0
322,VikingsW_Liningz,1,4,1,3,313.9486,2,2,0,0,2,5,0,0,87.3651047,0,0,1,0,2130.088,0,0
323,VikingsW_Jikey,1,0,0,1,0.0,0,1,0,0,0,0,0,0,0.0,0,0,0,0,919.04,0,0
324,VikingsW_Slowz,1,1,1,4,186.006241,0,3,0,0,1,1,0,0,22.6377373,0,0,0,0,2025.656,0,0
325,VikingsW_Bongmin,1,0,1,4,105.236313,0,2,0,0,0,0,0,0,0.0,0,0,0,0,1713.791,0,0
326,RM5S_Tik,18,1,0,0,157.03,1,4,0,0,1,1,0,0,5.095349,0,0,1,0,535.097,0,0
327,RM5S_MeoU,18,1,0,4,144.124451,0,7,0,0,1,1,0,0,56.0874329,0,0,0,0,1130.214,0,0
328,RM5S_OcVoDich,18,2,1,2,297.509521,0,10,0,0,1,1,0,0,22.679575,0,0,0,0,1292.945,0,0
329,RM5S_Snake,18,0,0,0,0.0,0,0,0,0,0,0,0,0,0.0,0,0,0,0,509.362,0,0
330,GAMEHOME_SsuBang,3,1,0,2,182.3955,0,2,0,0,1,2,0,0,23.3766861,0,0,0,0,2034.174,0,0
331,GAMEHOME_zGou1,3,1,0,2,154.729065,0,1,0,0,1,1,0,0,44.3161469,0,0,0,0,1340.975,0,0
332,GAMEHOME_Kai,3,0,0,1,75.01608,0,3,0,0,0,0,0,0,0.0,0,0,0,0,1380.674,0,0
333,GAMEHOME_Nielt,3,0,0,0,26.460001,0,0,0,0,0,0,0,0,0.0,0,0,0,0,1336.936,0,0
334,GV_jerieno,17,0,0,0,0.0,0,0,0,0,0,0,0,0,0.0,0,0,0,0,538.337,0,0
335,GV_njRx,17,0,1,5,72.48036,0,16,0,0,0,0,0,0,0.0,0,0,0,0,1294.85,0,0
336,GV_chillrex,17,0,0,1,60.1787949,0,6,0,0,0,0,0,0,0.0,0,0,0,0,1141.852,0,0
337,GV_afham,17,2,0,2,120.296562,1,0,0,0,2,2,0,0,6.811809,0,0,0,0,1147.547,0,0
338,Refund_FunkyM,19,1,0,1,211.443481,1,1,0,0,1,1,0,0,191.628616,0,0,0,0,1250.202,0,0
339,Refund_Pino,19,0,0,0,0.0,0,0,0,0,0,0,0,0,0.0,0,0,0,0,484.071,0,0
340,Refund_Rambo,19,1,0,0,95.2964249,0,0,0,0,0,0,0,0,0.0,0,0,0,0,787.913,0,0
341,Refund_DjChip,19,0,0,0,69.09,0,0,0,0,0,0,0,0,0.0,0,0,0,0,1250.209,0,0
342,TNC_JustinWeaver,11,1,0,0,40.6393433,0,0,0,0,0,0,0,0,0.0,0,0,0,0,1112.772,0,0
343,TNC_HipsterD,11,1,0,1,0.0,0,0,0,0,0,0,0,0,0.0,0,0,0,0,1063.247,0,0
344,TNC_Lstr-,11,1,0,1,113.456665,1,1,0,0,1,1,0,0,225.07637,0,0,0,0,1050.517,0,0
345,TNC_O_Man_P,11,2,0,3,70.0,0,1,0,0,1,1,0,0,22.03942,0,0,1,0,1560.909,0,0
346,AW_EntruvNIMO,20,0,1,2,0.0,0,8,0,0,0,0,0,0,0.0,0,0,0,0,1148.229,0,0
347,AW_KatouNIMO,20,0,0,1,0.0,0,5,0,0,0,0,0,0,0.0,0,0,0,0,1148.232,0,0
348,AW_ExgonidNIMO,20,3,0,0,200.627869,1,8,0,0,2,3,0,0,21.2100468,0,0,0,0,1148.237,0,0
349,AW_ArthurNIMO,20,0,0,1,0.0,0,4,0,0,0,0,0,0,0.0,0,0,0,1,722.008,0,0
350,QUAC_Apluxx,9,1,0,2,173.222382,0,1,0,0,1,1,0,0,43.095005,0,0,0,0,1555.506,0,0
351,QUAC_Fr0zz3rn,9,1,0,1,110.370346,0,16,0,0,0,0,0,0,0.0,0,0,0,1,1568.62,0,0
352,QUAC_Raldo,9,0,0,0,0.0,0,0,0,0,0,0,0,0,0.0,0,0,0,0,688.714,0,0
353,QUAC_Scyrex,9,1,0,5,115.454025,0,1,0,0,0,0,0,0,0.0,0,0,0,0,1568.631,0,0
354,RRQ_ASwp,12,1,0,5,109.786636,0,3,0,0,1,1,0,0,152.782715,0,0,0,0,1557.631,0,0
355,RRQ_VALDEMORT,12,0,0,3,81.63861,0,3,0,0,0,0,0,0,0.0,0,0,0,0,1275.359,0,0
356,RRQ_CoppinLee,12,0,0,3,62.1243935,0,1,0,0,0,0,0,0,0.0,0,0,0,0,1398.881,0,0
357,RRQ_Ma4nn,12,1,1,4,121.921272,0,4,0,0,1,2,0,0,151.523148,0,0,0,0,1538.23,0,0
358,GIX_Vintage7,13,0,0,1,69.09,0,4,0,0,0,0,0,0,0.0,0,0,0,0,1404.319,0,0
359,GIX_Asterrr,13,0,0,4,0.0,0,6,0,0,0,0,0,0,0.0,0,0,0,0,1551.218,0,0
360,GIX_SiKANCIL,13,0,0,0,0.0,0,0,0,0,0,0,0,0,0.0,0,0,0,0,1333.502,0,0
361,GIX_MeGaLoRD,13,0,0,8,22.8458576,0,4,0,0,0,0,0,0,0.0,0,0,0,0,1332.549,0,0
362,GeekFam_Savior,14,0,0,2,175.718216,0,1,0,0,0,0,0,0,0.0,0,0,0,0,1357.504,0,0
363,GeekFam_KnyG,14,0,1,1,269.379456,0,1,0,0,0,0,0,0,0.0,0,0,0,0,1385.797,0,0
364,GeekFam_JangS,14,0,0,0,223.175018,0,0,0,0,0,0,0,0,0.0,0,0,0,0,1034.115,0,0
365,GeekFam_Modyyy,14,0,0,1,117.053116,0,9,0,0,0,0,0,0,0.0,0,0,0,0,1520.74,0,0
366,ArkAngel_dex,6,1,1,3,468.408722,0,4,0,0,0,0,0,0,0.0,0,0,0,0,1758.602,0,0
367,ArkAngel_AidreN,6,0,0,0,0.0,0,0,0,0,0,0,0,0,0.0,0,0,0,0,325.221,0,0
368,ArkAngel_Haxxxx,6,2,0,2,157.32756,0,0,0,0,1,3,0,0,73.73537,0,0,0,0,1765.532,0,0
369,ArkAngel_k1lla-,6,1,3,1,560.922546,1,7,0,0,1,1,0,0,143.935822,0,0,0,0,1771.513,0,0
370,AG_dmggg,15,2,0,8,339.6098,0,21,0,0,1,1,0,0,16.8560238,0,0,0,0,1317.073,0,0
371,AG_p1scezPRO,15,0,0,0,0.0,0,0,0,0,0,0,0,0,0.0,0,0,0,0,367.961,0,0
372,AG_ThanawatTH,15,0,0,0,124.914993,0,1,0,0,0,0,0,0,0.0,0,0,0,0,515.427,0,0
373,AG_GeneralGaming,15,2,0,5,249.14,0,7,0,0,1,1,0,0,12.1897411,0,0,1,0,1039.696,0,0
374,JG_FTS-RocBRAZEN,5,0,2,3,136.639648,0,2,0,0,1,1,0,0,165.416763,0,0,0,0,1717.839,0,0
375,JG_FTS-AvocrnMSI,5,0,1,2,42.1971245,0,2,0,0,0,0,0,0,0.0,0,0,0,0,1511.704,0,0
376,JG_FTS-IkyCUBETv,5,0,0,3,0.0,0,0,0,0,0,0,0,0,0.0,0,0,0,0,1538.463,0,0
377,JG_FTS-AnggaMSI,5,5,0,4,559.0263,1,3,0,0,2,6,0,0,153.667358,0,0,1,0,1897.552,0,0
378,Divine_DoubleP,2,0,1,1,71.78148,0,0,0,0,0,0,0,0,0.0,0,0,0,0,1991.134,0,0
379,Divine_Leviz,2,1,1,5,183.180344,1,5,0,0,1,1,0,0,211.1774,0,0,0,0,2112.027,0,0
380,Divine_Nickyyy,2,1,2,2,222.226685,1,4,0,0,2,2,0,0,126.826393,0,0,1,0,2130.022,0,0
381,Divine_Jettt,2,3,4,6,830.6427,1,3,0,0,1,3,0,0,213.351868,0,0,0,0,2030.171,0,0
382,xunwu_QuickENDz,7,1,1,3,122.091507,0,3,0,0,1,1,0,0,78.97749,0,0,0,0,1682.675,0,0
383,xunwu_Pat2301,7,0,0,3,0.0,0,3,0,0,1,1,0,0,65.62095,0,0,0,0,1682.691,0,0
384,xunwu_OilMN,7,0,0,3,118.751389,2,2,0,0,1,2,0,0,226.898865,0,0,0,0,1682.682,0,0
385,xunwu_Archz,7,0,1,0,188.15065,0,1,0,0,0,0,0,0,0.0,0,0,0,0,1545.791,0,0
386,Logitech_Lionarz-,16,0,0,2,59.4634247,0,4,0,0,0,0,0,0,0.0,0,0,0,0,1305.655,0,0
387,Logitech_xTouyx2,16,2,0,0,138.4342,0,4,0,0,1,2,0,0,90.79847,0,0,1,0,851.169,0,0
388,Logitech_benwick,16,1,0,2,77.9206543,0,5,0,0,0,0,0,0,0.0,0,0,0,0,978.799,0,0
389,Logitech_Shaggyy,16,0,2,1,158.282379,0,1,0,0,0,0,0,0,0.0,0,0,0,0,858.665,0,0
390,PLMES_Justmoment,4,1,0,3,249.746658,1,2,0,0,1,3,0,0,154.758316,0,0,0,0,2027.148,0,0
391,PLMES_PuuChiwz,4,2,1,3,473.798065,1,0,0,0,1,2,0,0,174.8976,0,0,0,0,2001.183,0,0
392,PLMES_Bossense,4,2,1,3,284.077881,0,0,0,0,1,2,0,0,77.08864,0,0,0,0,2020.323,0,0
393,PLMES_YOSHI,4,3,2,5,910.793335,0,8,0,0,1,4,0,0,151.15448,0,0,0,0,2027.154,0,0
394,MKJ_Darkaz,10,3,1,2,420.6206,0,1,0,0,1,3,0,0,154.4599,0,0,2,0,1560.679,0,0
395,MKJ_snazzu,10,2,1,2,256.395,1,1,0,0,1,3,0,0,41.2693253,0,0,0,0,1567.603,0,0
396,MKJ_kBYTEZ,10,1,2,2,141.163162,0,10,0,0,0,0,0,0,0.0,0,0,0,0,1567.597,0,0
397,MKJ_ROSeksdee,10,0,1,2,57.8787651,1,2,0,0,1,1,0,0,22.33521,0,0,0,0,1555.214,0,0
398,GV_jerieno,10,0,1,0,28.8879128,0,0,0,0,0,0,0,0,0.0,0,0,0,0,1437.925,0,0
399,GV_njRx,10,0,1,4,147.765137,0,3,0,0,0,0,0,0,0.0,0,0,0,0,1589.72,0,0
400,GV_afham,10,0,0,0,79.9799957,0,0,0,0,0,0,0,0,0.0,0,0,0,0,585.877,0,0
401,GV_chillrex,10,1,0,3,78.0,0,3,0,0,0,0,0,0,0.0,0,0,0,0,1470.764,0,0
402,QUAC_Apluxx,14,3,1,3,293.303436,0,4,0,0,1,1,0,0,29.8228054,0,0,0,0,1457.772,0,0
403,QUAC_Fr0zz3rn,14,0,0,3,0.0,0,0,0,0,0,0,0,0,0.0,0,0,0,0,1301.871,0,0
404,QUAC_Raldo,14,0,0,1,0.0,0,3,0,0,0,0,0,0,0.0,0,0,0,0,1381.354,0,0
405,QUAC_Scyrex,14,1,0,1,262.107727,0,5,0,0,1,2,0,0,15.6045446,0,0,1,0,1457.762,0,0
406,VikingsW_Jikey,8,1,0,3,215.261826,1,1,0,0,1,1,0,0,52.79083,0,0,1,0,1550.78,0,0
407,VikingsW_Bongmin,8,4,0,3,273.076416,1,1,0,0,2,2,0,0,20.6522923,0,0,3,0,1760.613,0,0
408,VikingsW_Liningz,8,0,1,2,92.90324,0,5,0,0,0,0,0,0,0.0,0,0,0,0,1626.635,0,0
409,VikingsW_Slowz,8,1,1,3,354.6615,0,2,0,0,1,1,0,0,227.45961,0,0,0,0,1626.986,0,0
410,AG_GeneralGaming,7,1,1,0,160.2463,0,0,0,0,0,0,0,0,0.0,0,0,0,0,1057.275,0,0
411,AG_dmggg,7,2,1,2,140.894852,0,1,0,0,1,1,0,0,37.58147,0,0,0,0,1761.968,0,0
412,AG_ThanawatTH,7,2,5,4,572.5304,0,3,0,0,1,2,0,0,427.720276,0,0,0,0,1721.648,0,0
413,AG_p1scezPRO,7,4,2,0,364.17572,0,2,0,0,1,3,0,0,444.8744,0,0,3,0,1761.963,0,0
414,GAMEHOME_SsuBang,20,0,1,0,54.18,0,0,0,0,0,0,0,0,0.0,0,0,1,1,923.035,0,0
415,GAMEHOME_Kai,20,0,0,0,0.0,0,1,0,0,0,0,0,0,0.0,0,0,0,0,922.353,0,0
416,GAMEHOME_Nielt,20,0,0,2,83.35091,0,3,0,0,0,0,0,0,0.0,0,0,0,0,923.025,0,0
417,GAMEHOME_zGou1,20,3,0,2,242.997345,0,1,0,0,1,1,0,0,40.6824379,0,0,0,0,921.817,0,0
418,RRQ_Ma4nn,12,1,0,1,183.5163,0,1,0,0,2,2,0,0,174.767532,0,0,0,0,1543.396,0,0
419,RRQ_CoppinLee,12,1,1,4,173.64856,0,3,0,0,0,0,0,0,0.0,0,0,0,0,1375.681,0,0
420,RRQ_VALDEMORT,12,0,2,2,81.19666,0,11,0,0,0,0,0,0,0.0,0,0,0,0,1543.402,0,0
421,RRQ_ASwp,12,0,0,1,40.0915642,0,10,0,0,0,0,0,0,0.0,0,0,0,0,1357.309,0,0
422,xunwu_QuickENDz,9,0,4,4,119.177986,0,1,0,0,0,0,0,0,0.0,0,0,0,0,1537.961,0,0
423,xunwu_OilMN,9,0,1,5,11.5384216,1,4,0,0,1,1,0,0,153.0311,0,0,0,0,1637.485,0,0
424,xunwu_Pat2301,9,0,4,4,126.199043,0,1,0,0,1,1,0,0,139.171677,0,0,2,0,1634.866,0,0
425,xunwu_Archz,9,3,0,3,253.796982,0,7,0,0,2,4,0,0,192.63121,0,0,0,0,1644.794,0,0
426,Logitech_Lionarz-,13,2,2,5,138.75383,0,1,0,0,1,2,0,0,43.8714142,0,0,1,0,1498.509,0,0
427,Logitech_xTouyx2,13,1,1,5,181.1699,0,13,0,0,1,1,0,0,63.8257751,0,0,1,0,1499.059,0,0
428,Logitech_benwick,13,1,0,1,166.700043,0,0,0,0,1,1,0,0,14.9058914,0,0,0,0,1112.448,0,0
429,Logitech_Shaggyy,13,0,2,1,44.2457771,0,1,0,0,0,0,0,0,0.0,0,0,0,0,1477.68,0,0
430,AW_ArthurNIMO,1,1,1,2,269.4367,0,2,0,0,1,1,0,0,202.006439,0,0,0,0,1230.025,0,0
431,AW_KatouNIMO,1,6,2,2,1462.407,3,2,0,0,1,10,0,0,327.134766,0,0,0,0,1995.405,0,0
432,AW_EntruvNIMO,1,0,0,0,0.0,0,0,0,0,0,0,0,0,0.0,0,0,0,0,461.897,0,0
433,AW_ExgonidNIMO,1,2,1,1,315.100464,1,1,0,0,1,2,0,0,174.858871,0,0,0,0,1995.405,0,0
434,PLMES_PuuChiwz,15,1,0,2,57.7998352,0,15,0,0,0,0,0,0,0.0,0,0,0,0,1444.652,0,0
435,PLMES_Bossense,15,0,0,2,86.2400055,0,10,0,0,0,0,0,0,0.0,0,0,1,0,1447.882,0,0
436,PLMES_Justmoment,15,1,0,2,23.5675011,0,0,0,0,1,1,0,0,56.3082047,0,0,0,0,1447.887,0,0
437,PLMES_YOSHI,15,0,0,1,30.0999985,0,0,0,0,0,0,0,0,0.0,0,0,0,0,712.108,0,0
438,GeekFam_Savior,6,2,4,1,430.698975,0,0,0,0,1,3,0,0,168.0694,0,0,0,0,1799.782,0,0
439,GeekFam_JangS,6,1,0,0,99.899025,0,0,0,0,0,0,0,0,0.0,0,0,0,0,817.757,0,0
440,GeekFam_KnyG,6,2,1,3,233.593338,0,1,0,0,1,2,0,0,337.085083,0,0,0,0,1799.786,0,0
441,GeekFam_Modyyy,6,1,1,1,212.2482,0,5,0,0,1,1,0,0,5.63821,0,0,0,0,1064.945,0,0
442,MKJ_Darkaz,19,0,1,0,0.0,0,5,0,0,0,0,0,0,0.0,0,0,0,0,1226.136,0,0
443,MKJ_kBYTEZ,19,1,0,3,97.425,1,5,0,0,1,1,0,0,90.40802,0,0,0,1,1226.144,0,0
444,MKJ_ROSeksdee,19,1,0,4,0.0,0,5,0,0,0,0,0,0,0.0,0,0,0,1,985.109,0,0
445,MKJ_snazzu,19,0,0,3,80.00299,0,7,0,0,0,0,0,0,0.0,0,0,0,0,1226.156,0,0
446,TNC_HipsterD,3,1,1,1,258.323181,1,0,0,0,1,1,0,0,3.16776133,0,0,0,0,1524.058,0,0
447,TNC_Lstr-,3,0,1,1,38.38507,0,3,0,0,0,0,0,0,0.0,0,0,0,0,1512.873,0,0
448,TNC_JustinWeaver,3,1,0,0,152.369873,1,0,0,0,1,1,0,0,282.967743,0,0,1,0,1540.759,0,0
449,TNC_O_Man_P,3,2,0,6,182.202454,0,8,0,0,1,3,0,0,99.66393,0,0,0,0,1990.796,0,0
450,RM5S_Tik,17,3,1,6,279.111938,0,13,0,0,1,1,0,0,55.41772,0,0,1,0,1416.38,0,0
451,RM5S_MeoU,17,0,0,2,0.0,0,0,0,0,0,0,0,0,0.0,0,0,0,0,633.502,0,0
452,RM5S_OcVoDich,17,0,1,3,156.217758,0,8,0,0,0,0,0,0,0.0,0,0,0,0,1332.578,0,0
453,RM5S_Snake,17,1,0,4,101.143967,0,1,0,0,1,1,0,0,5.31817055,0,0,2,0,1416.375,0,0
454,JG_FTS-IkyCUBETv,11,0,0,1,0.0,0,1,0,0,0,0,0,0,0.0,0,0,0,0,812.286,0,0
455,JG_FTS-RocBRAZEN,11,2,0,3,174.977509,0,16,0,0,2,2,0,0,12.1425314,0,0,0,0,1527.456,0,0
456,JG_FTS-AvocrnMSI,11,2,0,2,162.382233,1,8,0,0,1,2,0,0,481.536926,0,0,0,0,1554.94,0,0
457,JG_FTS-AnggaMSI,11,2,2,2,133.295563,0,2,0,0,0,0,0,0,0.0,0,0,1,0,1511.006,0,0
458,Refund_FunkyM,16,0,0,1,103.844994,0,0,0,0,0,0,0,0,0.0,0,0,0,0,509.93,0,0
459,Refund_Pino,16,0,1,1,134.189255,0,2,0,0,0,0,0,0,0.0,0,0,0,0,1424.25,0,0
460,Refund_DjChip,16,0,0,2,104.764587,0,4,0,0,0,0,0,0,0.0,0,0,0,0,1141.026,0,0
461,Refund_Rambo,16,2,0,2,200.000015,0,1,0,0,1,1,0,0,38.9933853,0,0,0,0,1401.864,0,0
462,GIX_Vintage7,18,0,0,2,45.79577,0,0,0,0,1,1,0,0,251.823151,0,0,0,0,1395.702,0,0
463,GIX_SiKANCIL,18,1,1,2,182.378021,0,0,0,0,0,0,0,0,0.0,0,0,0,0,1349.368,0,0
464,GIX_MeGaLoRD,18,1,1,5,138.868988,1,5,0,0,1,1,0,0,104.975189,0,0,0,0,1395.706,0,0
465,GIX_Asterrr,18,0,0,2,28.2974987,0,0,0,0,0,0,0,0,0.0,0,0,1,0,1363.637,0,0
466,2Be_Reggiez,4,1,2,3,46.29215,0,4,0,0,0,0,0,0,0.0,0,0,0,0,1759.556,0,0
467,2Be_JobJab_-,4,1,0,2,252.434586,0,1,0,0,1,4,0,0,166.511185,0,0,1,0,1934.411,0,0
468,2Be_Jamesftz-,4,2,2,3,364.4657,0,0,0,0,1,1,0,0,503.032623,0,0,0,0,1769.654,0,0
469,2Be_Jayers-,4,2,3,5,401.2791,1,3,0,0,1,2,0,0,429.880554,0,0,0,0,1912.131,0,0
470,ArkAngel_dex,2,2,1,4,212.886887,0,11,0,0,1,2,0,0,88.18922,0,0,2,0,1900.463,0,0
471,ArkAngel_k1lla-,2,2,1,7,479.025665,1,15,0,0,2,3,0,0,133.144363,0,0,0,0,1995.349,0,0
472,ArkAngel_AidreN,2,1,1,2,388.3559,0,6,0,0,0,0,0,0,0.0,0,0,0,0,1904.186,0,0
473,ArkAngel_Haxxxx,2,0,2,1,121.675972,0,1,0,0,0,0,0,0,0.0,0,0,0,0,1705.699,0,0
474,Divine_DoubleP,5,2,0,2,228.260284,0,14,0,0,1,1,0,0,29.701807,0,0,0,0,1881.057,0,0
475,Divine_Nickyyy,5,0,0,0,146.673,0,0,0,0,0,0,0,0,0.0,0,0,0,0,1029.857,0,0
476,Divine_Jettt,5,0,0,0,161.265778,0,0,0,0,0,0,0,0,0.0,0,0,0,0,917.301,0,0
477,Divine_Leviz,5,0,0,1,177.45932,0,5,0,0,0,0,0,0,0.0,0,0,0,0,1127.764,0,0
478,ArkAngel_dex,14,0,0,0,0.0,0,0,0,0,0,0,0,0,0.0,0,0,1,0,1054.496,0,0
479,ArkAngel_k1lla-,14,0,0,2,0.0,0,1,0,0,0,0,0,0,0.0,0,0,0,0,1340.302,0,0
480,ArkAngel_AidreN,14,0,0,0,154.43045,0,8,0,0,0,0,0,0,0.0,0,0,0,0,1314.95,0,0
481,ArkAngel_Haxxxx,14,0,0,2,22.05,0,2,0,0,0,0,0,0,0.0,0,0,0,0,1373.821,0,0
482,JG_FTS-AvocrnMSI,13,0,0,2,109.312424,0,4,0,0,0,0,0,0,0.0,0,0,0,0,1401.16,0,0
483,JG_FTS-RocBRAZEN,13,0,0,0,0.0,0,1,0,0,0,0,0,0,0.0,0,0,1,0,1457.592,0,0
484,JG_FTS-IkyCUBETv,13,1,0,3,198.064758,0,21,0,0,0,0,0,0,0.0,0,0,0,0,1434.659,0,0
485,JG_FTS-AnggaMSI,13,0,0,0,38.74178,0,0,0,0,0,0,0,0,0.0,0,0,1,0,1431.571,0,0
486,MKJ_Darkaz,15,0,0,0,0.0,0,0,0,0,0,0,0,0,0.0,0,0,0,0,121.278,0,0
487,MKJ_snazzu,15,0,0,1,21.7349987,0,5,0,0,0,0,0,0,0.0,0,0,0,0,932.872,0,0
488,MKJ_kBYTEZ,15,0,0,0,44.4753342,0,1,0,0,0,0,0,0,0.0,0,0,0,0,988.356,0,0
489,MKJ_ROSeksdee,15,1,0,2,221.86673,0,3,0,0,0,0,0,0,0.0,0,0,1,0,1325.486,0,0
490,AW_ArthurNIMO,12,0,2,0,89.19283,0,1,0,0,1,1,0,0,360.363647,0,0,0,0,1542.726,0,0
491,AW_KatouNIMO,12,1,0,0,91.5943,0,0,0,0,1,1,0,0,203.343048,0,0,0,0,1111.639,0,0
492,AW_EntruvNIMO,12,0,0,2,55.38186,0,0,0,0,1,1,0,0,87.3793,0,0,0,0,1542.731,0,0
493,AW_ExgonidNIMO,12,0,0,2,29.9346924,0,0,0,0,0,0,0,0,0.0,0,0,0,0,1500.868,0,0
494,GAMEHOME_SsuBang,18,0,0,0,0.0,0,0,0,0,0,0,0,0,0.0,0,0,0,0,314.92,0,0
495,GAMEHOME_zGou1,18,0,0,3,0.0,0,2,0,0,0,0,0,0,0.0,0,0,0,0,1224.519,0,0
496,GAMEHOME_Kai,18,0,0,1,79.9799957,0,3,0,0,0,0,0,0,0.0,0,0,0,0,722.06,0,0
497,GAMEHOME_Nielt,18,0,0,0,23.8,0,0,0,0,0,0,0,0,0.0,0,0,0,0,320.449,0,0
498,xunwu_QuickENDz,4,1,1,4,205.108887,0,3,0,0,0,0,0,0,0.0,0,0,0,0,1694.119,0,0
499,xunwu_OilMN,4,1,1,4,402.40448,0,2,0,0,1,1,0,0,192.072968,0,0,2,0,1678.054,0,0
500,xunwu_Pat2301,4,2,0,6,188.718811,1,4,0,0,1,2,0,0,292.732147,0,0,1,0,1832.517,0,0
501,xunwu_Archz,4,0,0,0,0.0,0,0,0,0,0,0,0,0,0.0,0,0,0,0,832.185,0,0
502,AG_GeneralGaming,2,1,1,1,78.0359039,1,19,0,0,1,3,0,0,154.129272,0,0,0,1,1998.806,0,0
503,AG_dmggg,2,0,2,1,75.41841,0,1,0,0,0,0,0,0,0.0,0,0,0,0,1287.52,0,0
504,AG_ThanawatTH,2,8,2,2,1198.17627,0,3,0,0,3,8,0,0,225.071075,0,0,1,0,1998.81,0,0
505,AG_p1scezPRO,2,0,2,1,74.62,0,1,0,0,0,0,0,0,0.0,0,0,0,0,1286.187,0,0
506,GIX_Vintage7,5,0,3,2,100.22084,0,2,0,0,0,0,0,0,0.0,0,0,1,0,1732.485,0,0
507,GIX_Asterrr,5,0,2,2,130.511444,0,7,0,0,0,0,0,0,0.0,0,0,0,0,1761.119,0,0
508,GIX_SiKANCIL,5,2,1,1,409.483124,0,6,0,0,1,3,0,0,294.4086,0,0,0,0,1760.175,0,0
509,GIX_MeGaLoRD,5,0,0,3,193.933533,0,6,0,0,0,0,0,0,0.0,0,0,0,0,1803.606,0,0
510,PLMES_PuuChiwz,6,1,0,1,238.513428,0,1,0,0,1,1,0,0,49.10388,0,0,0,0,1573.497,0,0
511,PLMES_Bossense,6,1,1,3,178.31,1,2,0,0,1,1,0,0,12.6952162,0,0,1,0,1683.546,0,0
512,PLMES_Justmoment,6,1,0,3,240.495758,1,1,0,0,1,4,0,0,20.86803,0,0,2,0,1684.328,0,0
513,PLMES_YOSHI,6,0,0,1,0.0,0,0,0,0,0,0,0,0,0.0,0,0,0,1,1410.289,0,0
514,VikingsW_Liningz,20,0,1,3,0.0,0,1,0,0,0,0,0,0,0.0,0,0,0,0,803.036,0,0
515,VikingsW_Bongmin,20,0,0,0,0.0,0,0,0,0,0,0,0,0,0.0,0,0,0,0,579.379,0,0
516,VikingsW_Jikey,20,0,1,2,0.0,0,1,0,0,0,0,0,0,0.0,0,0,0,0,783.119,0,0
517,VikingsW_Slowz,20,1,0,1,99.37963,1,2,0,0,1,1,0,0,3.81867623,0,0,0,0,803.029,0,0
518,RM5S_Tik,8,1,0,1,143.832977,1,3,0,0,2,3,0,0,112.84462,0,0,0,0,1320.941,0,0
519,RM5S_MeoU,8,2,0,1,147.465515,0,0,0,0,2,2,0,0,33.4478264,0,0,0,0,1298.946,0,0
520,RM5S_OcVoDich,8,0,0,0,0.0,0,0,0,0,0,0,0,0,0.0,0,0,0,0,569.928,0,0
521,RM5S_Snake,8,2,1,2,217.998856,0,8,0,0,0,0,0,0,0.0,0,0,0,0,1576.736,0,0
522,Refund_FunkyM,7,0,1,0,0.0,0,0,0,0,0,0,0,0,0.0,0,0,0,0,1331.842,0,0
523,Refund_Pino,7,0,0,1,116.610992,0,1,0,0,0,0,0,0,0.0,0,0,0,0,1457.43,0,0
524,Refund_Rambo,7,4,1,4,400.906555,0,0,0,0,1,2,0,0,338.224762,0,0,1,0,1671.045,0,0
525,Refund_DjChip,7,1,0,1,188.7004,0,2,0,0,0,0,0,0,0.0,0,0,0,0,1535.955,0,0
526,QUAC_Fr0zz3rn,19,0,0,0,55.23319,0,0,0,0,0,0,0,0,0.0,0,0,0,0,1087.696,0,0
527,QUAC_Apluxx,19,1,0,0,172.24,0,0,0,0,0,0,0,0,0.0,0,0,0,0,1113.959,0,0
528,QUAC_Raldo,19,0,0,1,0.0,0,4,0,0,0,0,0,0,0.0,0,0,0,0,1196.082,0,0
529,QUAC_Scyrex,19,0,0,1,89.58301,0,3,0,0,0,0,0,0,0.0,0,0,0,0,1068.291,0,0
530,Divine_Nickyyy,1,4,4,4,631.315735,0,1,0,0,1,2,0,0,294.348175,0,0,0,0,1998.882,0,0
531,Divine_Jettt,1,4,2,2,874.072632,3,3,0,0,1,6,0,0,206.825638,0,0,0,0,1985.177,0,0
532,Divine_DoubleP,1,0,0,2,143.824478,0,4,0,0,1,2,0,0,187.124573,0,0,1,0,1998.882,0,0
533,Divine_Leviz,1,3,2,3,613.9137,1,4,0,0,1,5,0,0,146.24353,0,0,0,0,1998.882,0,0
534,RRQ_VALDEMORT,11,1,0,2,225.463913,1,2,0,0,1,1,0,0,78.1030655,0,0,0,0,1552.494,0,0
535,RRQ_ASwp,11,0,1,0,113.517822,0,1,0,0,0,0,0,0,0.0,0,0,0,0,755.214,0,0
536,RRQ_Ma4nn,11,0,0,2,19.072794,0,7,0,0,0,0,0,0,0.0,0,0,0,0,1517.047,0,0
537,RRQ_CoppinLee,11,0,0,3,81.77999,0,0,0,0,0,0,0,0,0.0,0,0,0,0,1479.478,0,0
538,Logitech_Shaggyy,17,0,0,2,131.426544,0,4,0,0,0,0,0,0,0.0,0,0,0,0,1277.748,0,0
539,Logitech_xTouyx2,17,4,0,3,509.151733,0,4,0,0,1,2,0,0,140.062454,0,0,0,0,1277.752,0,0
540,Logitech_Lionarz-,17,1,1,2,104.512093,0,1,0,0,0,0,0,0,0.0,0,0,1,0,1277.759,0,0
541,Logitech_benwick,17,0,0,0,0.0,0,0,0,0,0,0,0,0,0.0,0,0,0,0,165.619,0,0
542,GeekFam_JangS,3,2,1,2,312.5605,1,7,0,0,1,1,0,0,301.9431,0,0,0,0,1611.146,0,0
543,GeekFam_KnyG,3,0,0,6,162.091232,0,4,0,0,0,0,0,0,0.0,0,0,0,0,1542.585,0,0
544,GeekFam_Savior,3,2,0,4,220.877518,1,2,0,0,1,3,0,0,73.4827,0,0,0,0,1673.968,0,0
545,GeekFam_Modyyy,3,2,2,5,369.212769,2,1,0,0,1,3,0,0,223.512756,0,0,0,0,1856.416,0,0
546,2Be_Reggiez,10,3,1,3,463.5339,2,2,0,0,1,2,0,0,72.25776,0,0,0,0,1490.758,0,0
547,2Be_JobJab_-,10,4,2,5,435.254059,0,4,0,0,1,3,0,0,219.715408,0,0,2,0,1559.516,0,0
548,2Be_Jayers-,10,2,2,3,268.655182,0,5,0,0,0,0,0,0,0.0,0,0,1,0,1548.708,0,0
549,2Be_Jamesftz-,10,2,1,1,230.837173,0,3,0,0,1,2,0,0,95.5122452,0,0,1,0,1415.702,0,0
550,TNC_Lstr-,16,0,0,2,28.2399445,0,2,0,0,0,0,0,0,0.0,0,0,0,0,1278.26,0,0
551,TNC_HipsterD,16,2,0,2,289.885437,0,3,0,0,2,3,0,0,267.358765,0,0,0,0,1287.046,0,0
552,TNC_JustinWeaver,16,1,0,0,266.3691,0,0,0,0,1,1,0,0,15.9165068,0,0,0,0,606.19,0,0
553,TNC_O_Man_P,16,0,0,2,26.1253,0,0,0,0,0,0,0,0,0.0,0,0,0,0,1281.511,0,0
554,GV_jerieno,9,0,0,0,0.0,0,5,0,0,0,0,0,0,0.0,0,0,0,0,488.171,0,0
555,GV_njRx,9,2,0,4,264.647919,0,2,0,0,1,3,0,0,341.507416,0,0,0,0,1574.15,0,0
556,GV_chillrex,9,2,0,5,147.848022,1,3,0,0,1,2,0,0,74.2730255,0,0,0,0,1288.854,0,0
557,GV_afham,9,0,0,0,0.0,0,0,0,0,0,0,0,0,0.0,0,0,0,0,256.851,0,0
558,AG_dmggg,19,0,1,1,34.3,0,3,0,0,0,0,0,0,0.0,0,0,1,0,633.645,0,0
559,AG_ThanawatTH,19,0,0,0,44.7336349,0,1,0,0,0,0,0,0,0.0,0,0,0,0,389.322,0,0
560,AG_p1scezPRO,19,2,0,2,223.57,1,0,0,0,1,2,0,0,23.0923271,0,0,1,0,640.155,0,0
561,AG_GeneralGaming,19,0,0,0,23.1507721,0,0,0,0,0,0,0,0,0.0,0,0,0,0,640.16,0,0
562,QUAC_Fr0zz3rn,7,1,2,2,333.004944,0,12,0,0,1,2,0,0,258.1249,0,0,0,0,1694.349,0,0
563,QUAC_Raldo,7,0,0,0,0.0,0,0,0,0,0,0,0,0,0.0,0,0,0,0,200.424,0,0
564,QUAC_Apluxx,7,0,0,2,56.5117569,0,3,0,0,0,0,0,0,0.0,0,0,0,0,1562.809,0,0
565,QUAC_Scyrex,7,3,0,5,107.8923,1,2,0,0,2,2,0,0,53.464344,0,0,2,0,1694.343,0,0
566,Refund_Pino,14,0,0,0,0.0,0,0,0,0,0,0,0,0,0.0,0,0,0,0,738.676,0,0
567,Refund_Rambo,14,2,1,5,234.520035,0,1,0,0,0,0,0,0,0.0,0,0,0,0,1305.459,0,0
568,Refund_DjChip,14,0,0,1,0.0,0,0,0,0,0,0,0,0,0.0,0,0,0,0,808.335,0,0
569,Refund_FunkyM,14,0,0,3,71.4873047,0,2,0,0,0,0,0,0,0.0,0,0,0,0,927.774,0,0
570,ArkAngel_k1lla-,16,0,0,0,28.38,0,0,0,0,0,0,0,0,0.0,0,0,0,0,942.192,0,0
571,ArkAngel_Haxxxx,16,0,0,2,0.0,0,1,0,0,0,0,0,0,0.0,0,0,0,0,870.873,0,0
572,ArkAngel_AidreN,16,0,0,0,11.6100006,0,0,0,0,0,0,0,0,0.0,0,0,0,0,878.18,0,0
573,ArkAngel_dex,16,1,0,1,237.762146,0,0,0,0,0,0,0,0,0.0,0,0,0,0,967.079,0,0
574,PLMES_Justmoment,13,0,0,2,14.60698,0,0,0,0,0,0,0,0,0.0,0,0,0,0,1027.487,0,0
575,PLMES_PuuChiwz,13,0,0,3,0.0,0,1,0,0,0,0,0,0,0.0,0,0,0,0,1316.867,0,0
576,PLMES_YOSHI,13,1,0,1,171.9693,0,0,0,0,0,0,0,0,0.0,0,0,0,0,1023.096,0,0
577,PLMES_Bossense,13,1,0,2,88.02373,0,2,0,0,1,1,0,0,447.5459,0,0,0,0,1038.596,0,0
578,VikingsW_Slowz,15,2,3,1,400.890045,1,0,0,0,1,1,0,0,137.326859,0,0,1,0,1000.039,0,0
579,VikingsW_Bongmin,15,3,0,2,179.609924,0,0,0,0,1,3,0,0,195.715347,0,0,0,0,985.144,0,0
580,VikingsW_Liningz,15,1,0,2,263.613953,0,1,0,0,0,0,0,0,0.0,0,0,0,0,1000.043,0,0
581,VikingsW_Jikey,15,2,1,1,170.319138,0,1,0,0,0,0,0,0,0.0,0,0,0,0,1000.047,0,0
582,GAMEHOME_SsuBang,1,1,1,2,105.136971,1,2,0,0,1,1,0,0,12.0507421,0,0,0,0,2110.442,0,0
583,GAMEHOME_Kai,1,0,0,0,0.0,0,0,0,0,0,0,0,0,0.0,0,0,0,0,751.889,0,0
584,GAMEHOME_zGou1,1,4,2,1,841.3637,0,1,0,0,1,2,0,0,257.40094,0,0,0,0,2023.538,0,0
585,GAMEHOME_Nielt,1,1,1,3,202.674316,0,6,0,0,1,2,0,0,259.761658,0,0,0,0,2110.442,0,0
586,xunwu_QuickENDz,2,3,0,6,381.798584,0,7,0,0,2,5,0,0,93.69553,0,0,1,0,2110.388,0,0
587,xunwu_OilMN,2,1,3,3,95.68967,0,2,0,0,0,0,0,0,0.0,0,0,0,0,1356.904,0,0
588,xunwu_Pat2301,2,1,3,3,292.691772,0,2,0,0,1,1,0,0,155.948608,0,0,0,0,1382.251,0,0
589,xunwu_Archz,2,2,0,3,178.0791,0,2,0,0,0,0,0,0,0.0,0,0,0,0,1916.871,0,0
590,GIX_MeGaLoRD,6,0,1,4,78.08974,0,1,0,0,0,0,0,0,0.0,0,0,0,0,1343.055,0,0
591,GIX_Vintage7,6,0,0,3,147.642075,0,6,0,0,1,2,0,0,191.113342,0,0,0,0,1842.916,0,0
592,GIX_SiKANCIL,6,3,1,5,205.893936,0,5,0,0,1,2,0,0,261.043243,0,0,1,0,1402.214,0,0
593,GIX_Asterrr,6,2,1,6,288.483246,0,2,0,0,1,2,0,0,53.15911,0,0,0,0,1373.117,0,0
594,GeekFam_JangS,8,2,1,6,457.110168,0,8,0,0,2,2,0,0,6.78674746,0,0,0,0,1569.104,0,0
595,GeekFam_KnyG,8,3,1,4,503.629272,0,2,0,0,1,1,0,0,504.921326,0,0,1,0,1473.711,0,0
596,GeekFam_Modyyy,8,1,1,4,205.736084,0,6,0,0,1,2,0,0,271.514435,0,0,0,0,1569.101,0,0
597,GeekFam_Savior,8,1,0,6,110.381027,0,10,0,0,1,1,0,0,20.2592754,0,0,1,0,1567.024,0,0
598,RRQ_ASwp,17,1,0,0,115.51033,0,1,0,0,1,1,0,0,48.9723625,0,0,2,0,864.644,0,0
599,RRQ_VALDEMORT,17,0,0,0,22.5813255,0,0,0,0,0,0,0,0,0.0,0,0,0,0,784.936,0,0
600,RRQ_CoppinLee,17,0,1,5,89.19915,0,1,0,0,0,0,0,0,0.0,0,0,0,0,942.985,0,0
601,RRQ_Ma4nn,17,0,0,0,37.41,0,0,0,0,0,0,0,0,0.0,0,0,0,0,795.541,0,0
602,TNC_Lstr-,9,0,0,1,43.18545,0,11,0,0,0,0,0,0,0.0,0,0,0,0,1255.099,0,0
603,TNC_HipsterD,9,0,0,2,162.545578,0,0,0,0,1,1,0,0,118.580978,0,0,1,0,1508.256,0,0
604,TNC_JustinWeaver,9,1,1,2,124.597527,0,0,0,0,0,0,0,0,0.0,0,0,1,0,1508.251,0,0
605,TNC_O_Man_P,9,0,1,5,198.99,0,7,0,0,0,0,0,0,0.0,0,0,0,0,1444.919,0,0
606,JG_FTS-RocBRAZEN,5,0,2,2,82.71626,0,6,0,0,0,0,0,0,0.0,0,0,0,0,1651.301,0,0
607,JG_FTS-AnggaMSI,5,1,0,1,298.212128,0,9,0,0,0,0,0,0,0.0,0,0,1,0,1849.452,0,0
608,JG_FTS-AvocrnMSI,5,0,1,4,346.0714,0,19,0,0,0,0,0,0,0.0,0,0,2,0,1849.458,0,0
609,JG_FTS-IkyCUBETv,5,2,0,1,193.65,0,0,0,0,1,2,0,0,141.5528,0,0,0,0,734.368,0,0
610,Divine_Nickyyy,3,4,0,7,616.1605,2,9,0,0,1,5,0,0,104.69809,0,0,0,0,2101.62,0,0
611,Divine_Jettt,3,0,0,0,0.0,0,0,0,0,0,0,0,0,0.0,0,0,0,0,590.46,0,0
612,Divine_Leviz,3,3,2,6,766.216064,2,2,0,0,2,7,0,0,329.7147,0,0,0,0,1850.689,0,0
613,Divine_DoubleP,3,0,0,1,51.6,0,2,0,0,0,0,0,0,0.0,0,0,0,0,630.982,0,0
614,MKJ_snazzu,12,1,2,5,252.387558,0,6,0,0,1,1,0,0,10.5002756,0,0,0,0,1310.93,0,0
615,MKJ_kBYTEZ,12,2,0,3,308.560181,0,5,0,0,1,1,0,0,105.401718,0,0,0,0,1320.209,0,0
616,MKJ_Darkaz,12,4,1,1,333.949951,1,0,0,0,2,2,0,0,45.0735855,0,0,1,0,1322.667,0,0
617,MKJ_ROSeksdee,12,2,1,5,120.970444,1,8,0,0,1,1,0,0,269.670319,0,0,1,0,1384.951,0,0
618,Logitech_Lionarz-,10,4,0,5,474.76,1,10,0,0,2,3,0,0,50.01057,0,0,0,0,1386.659,0,0
619,Logitech_Shaggyy,10,1,1,4,134.708572,0,4,0,0,1,1,0,0,32.03858,0,0,2,0,1385.886,0,0
620,Logitech_xTouyx2,10,0,2,3,158.799988,0,5,0,0,1,1,0,0,22.38922,0,0,1,0,1270.4,0,0
621,Logitech_benwick,10,2,1,4,286.405731,0,5,0,0,1,2,0,0,98.5867,0,0,3,0,1386.665,0,0
622,2Be_Reggiez,4,2,2,1,390.852753,0,4,0,0,1,1,0,0,451.852844,0,0,0,0,2021.991,0,0
623,2Be_JobJab_-,4,4,2,4,462.551971,2,13,0,0,1,3,0,0,175.7049,0,0,1,0,2021.996,0,0
624,2Be_Jamesftz-,4,1,0,2,646.161255,0,12,0,0,1,2,0,0,90.69192,0,0,1,0,2022.006,0,0
625,2Be_Jayers-,4,2,1,1,452.041473,2,11,0,0,1,3,0,0,336.221954,0,0,2,0,2022.0,0,0
626,GV_jerieno,20,0,0,0,46.4400024,0,0,0,0,0,0,0,0,0.0,0,0,0,0,479.36,0,0
627,GV_chillrex,20,0,0,0,30.0999985,0,0,0,0,0,0,0,0,0.0,0,0,0,0,459.046,0,0
628,GV_njRx,20,0,1,0,163.329987,0,0,0,0,0,0,0,0,0.0,0,0,0,0,507.938,0,0
629,GV_afham,20,1,0,0,71.6328354,1,0,0,0,1,1,0,0,1.91313589,0,0,0,0,519.791,0,0
630,RM5S_MeoU,18,2,2,0,249.991318,0,1,0,0,1,1,0,0,4.7591157,0,0,0,0,511.903,0,0
631,RM5S_Tik,18,0,0,1,38.8977432,0,0,0,0,1,1,0,0,19.4339218,0,0,0,0,744.006,0,0
632,RM5S_OcVoDich,18,1,0,0,100.0,0,0,0,0,1,1,0,0,58.3541565,0,0,0,0,744.015,0,0
633,RM5S_Snake,18,0,0,0,0.0,0,0,0,0,0,0,0,0,0.0,0,0,0,0,112.122,0,0
634,AW_EntruvNIMO,11,1,0,1,77.0,0,0,0,0,1,1,0,0,4.81146526,0,0,0,0,1377.024,0,0
635,AW_ArthurNIMO,11,0,0,2,62.37461,0,3,0,0,0,0,0,0,0.0,0,0,0,0,1281.105,0,0
636,AW_KatouNIMO,11,0,0,1,0.0,0,3,0,0,0,0,0,0,0.0,0,0,0,0,1385.924,0,0
637,AW_ExgonidNIMO,11,1,0,0,153.4,0,11,0,0,1,1,0,0,34.77049,0,0,0,0,1385.935,0,0
638,GIX_MeGaLoRD,3,1,0,1,131.520782,0,1,0,0,1,1,0,0,15.2727537,0,0,0,0,1505.495,0,0
639,GIX_Asterrr,3,2,3,8,669.450134,1,5,0,0,2,5,0,0,87.65858,0,0,1,0,2113.366,0,0
640,GIX_Vintage7,3,3,2,6,439.6812,2,20,0,0,2,3,0,0,115.377434,0,0,4,0,2112.932,0,0
641,GIX_SiKANCIL,3,4,0,4,441.869171,0,2,0,0,3,4,0,0,77.63516,0,0,0,0,2113.363,0,0
642,QUAC_Fr0zz3rn,8,0,0,4,0.0,0,2,0,0,0,0,0,0,0.0,0,0,0,0,1362.996,0,0
643,QUAC_Raldo,8,0,0,2,16.5632114,0,4,0,0,0,0,0,0,0.0,0,0,0,0,1423.712,0,0
644,QUAC_Apluxx,8,1,0,4,136.729,0,0,0,0,0,0,0,0,0.0,0,0,0,0,1687.051,0,0
645,QUAC_Scyrex,8,1,0,3,307.7207,0,6,0,0,0,0,0,0,0.0,0,0,0,0,1356.939,0,0
646,Logitech_Lionarz-,14,0,0,0,0.0,0,0,0,0,0,0,0,0,0.0,0,0,0,0,82.538,0,0
647,Logitech_Shaggyy,14,1,0,0,93.514946,0,1,0,0,1,1,0,0,199.909409,0,0,0,0,1381.123,0,0
648,Logitech_benwick,14,0,0,2,20.9740486,0,2,0,0,0,0,0,0,0.0,0,0,1,0,1356.686,0,0
649,Logitech_xTouyx2,14,0,1,1,356.871674,0,3,0,0,0,0,0,0,0.0,0,0,0,0,1381.128,0,0
650,Divine_DoubleP,9,2,1,3,328.047119,0,4,0,0,1,2,0,0,88.2443848,0,0,0,0,1584.558,0,0
651,Divine_Leviz,9,1,2,3,175.0,0,1,0,0,1,2,0,0,92.8523,0,0,1,0,1560.607,0,0
652,Divine_Nickyyy,9,1,0,0,54.825882,0,0,0,0,0,0,0,0,0.0,0,0,1,0,511.021,0,0
653,Divine_Jettt,9,5,0,4,663.0104,2,4,0,0,2,6,0,0,128.926331,0,0,0,0,1650.79,0,0
654,RRQ_ASwp,6,1,0,8,81.6274948,1,3,0,0,1,2,0,0,199.277969,0,0,1,0,1925.291,0,0
655,RRQ_Ma4nn,6,1,0,1,25.8,0,0,0,0,0,0,0,0,0.0,0,0,1,0,1264.081,0,0
656,RRQ_CoppinLee,6,1,2,2,272.904755,0,3,0,0,1,1,0,0,15.5291252,0,0,0,0,1676.53,0,0
657,RRQ_VALDEMORT,6,1,1,9,364.164429,0,4,0,0,1,2,0,0,69.57792,0,0,0,0,1927.314,0,0
658,2Be_Reggiez,11,1,1,2,64.76723,0,1,0,0,1,1,0,0,73.15802,0,0,0,0,1494.969,0,0
659,2Be_JobJab_-,11,3,2,0,418.235382,1,0,0,0,1,5,0,0,144.424088,0,0,0,0,1561.941,0,0
660,2Be_Jamesftz-,11,2,2,2,204.987625,0,3,0,0,1,1,0,0,194.235,0,0,0,0,1561.932,0,0
661,2Be_Jayers-,11,1,2,2,380.038544,0,1,0,0,1,1,0,0,75.6738052,0,0,0,0,1561.937,0,0
662,VikingsW_Jikey,7,0,1,2,50.64153,0,3,0,0,0,0,0,0,0.0,0,0,0,0,1772.434,0,0
663,VikingsW_Bongmin,7,2,0,6,311.5658,1,5,0,0,1,1,0,0,12.3080559,0,0,0,0,1519.702,0,0
664,VikingsW_Slowz,7,0,0,1,138.701416,0,5,0,0,0,0,0,0,0.0,0,0,2,0,1365.437,0,0
665,VikingsW_Liningz,7,0,1,2,29.0556717,0,8,0,0,0,0,0,0,0.0,0,0,0,0,1522.8,0,0
666,Refund_Pino,15,0,0,0,0.0,0,1,0,0,0,0,0,0,0.0,0,0,0,0,1117.193,0,0
667,Refund_Rambo,15,2,1,3,362.775818,1,2,0,0,1,2,0,0,90.58598,0,0,0,0,1302.784,0,0
668,Refund_DjChip,15,2,0,0,224.51001,1,0,0,0,2,2,0,0,15.4817238,0,0,0,0,1138.99,0,0
669,Refund_FunkyM,15,0,0,1,0.0,0,1,0,0,0,0,0,0,0.0,0,0,0,0,1098.914,0,0
670,AG_dmggg,20,0,0,0,0.0,0,0,0,0,0,0,0,0,0.0,0,0,0,1,442.373,0,0
671,AG_p1scezPRO,20,0,0,0,0.0,0,0,0,0,0,0,0,0,0.0,0,0,0,0,413.572,0,0
672,AG_ThanawatTH,20,0,0,0,27.588974,0,0,0,0,0,0,0,0,0.0,0,0,0,0,413.588,0,0
673,AG_GeneralGaming,20,0,0,0,22.05,0,0,0,0,0,0,0,0,0.0,0,0,0,0,444.089,0,0
674,MKJ_snazzu,4,1,1,1,305.62912,1,1,0,0,1,2,0,0,212.25383,0,0,1,0,2102.321,0,0
675,MKJ_Darkaz,4,4,1,7,425.8213,0,2,0,0,2,4,0,0,167.21994,0,0,0,0,2102.323,0,0
676,MKJ_ROSeksdee,4,3,2,4,449.744873,1,6,0,0,1,3,0,0,122.413025,0,0,0,0,2102.331,0,0
677,MKJ_kBYTEZ,4,1,0,1,83.09915,0,0,0,0,1,1,0,0,46.9469528,0,0,0,0,2102.326,0,0
678,GAMEHOME_SsuBang,13,1,0,0,220.335846,0,0,0,0,1,1,0,0,35.09752,0,0,0,0,1517.809,0,0
679,GAMEHOME_Kai,13,0,0,3,150.478256,0,0,0,0,0,0,0,0,0.0,0,0,0,0,1503.498,0,0
680,GAMEHOME_zGou1,13,3,0,0,175.704453,0,0,0,0,0,0,0,0,0.0,0,0,0,0,1491.189,0,0
681,GAMEHOME_Nielt,13,0,1,2,190.824188,0,0,0,0,0,0,0,0,0.0,0,0,0,0,1517.813,0,0
682,JG_FTS-AvocrnMSI,18,1,1,0,125.8,0,0,0,0,1,1,0,0,4.73313141,0,0,0,0,563.218,0,0
683,JG_FTS-AnggaMSI,18,1,1,3,74.2,0,2,0,0,1,1,0,0,59.4518,0,0,0,0,1140.999,0,0
684,JG_FTS-IkyCUBETv,18,0,0,0,0.0,0,0,0,0,0,0,0,0,0.0,0,0,0,0,1032.331,0,0
685,JG_FTS-RocBRAZEN,18,0,2,0,0.0,0,0,0,0,0,0,0,0,0.0,0,0,0,0,1141.004,0,0
686,PLMES_Justmoment,5,0,0,4,179.0247,1,9,0,0,1,2,0,0,240.015411,0,0,0,0,1911.107,0,0
687,PLMES_YOSHI,5,1,1,4,317.5203,0,3,0,0,0,0,0,0,0.0,0,0,0,0,1989.043,0,0
688,PLMES_PuuChiwz,5,0,0,1,0.0,0,1,0,0,0,0,0,0,0.0,0,0,0,0,1848.807,0,0
689,PLMES_Bossense,5,1,0,3,272.177765,0,0,0,0,0,0,0,0,0.0,0,0,1,0,1913.79,0,0
690,AW_ArthurNIMO,10,1,0,1,156.536667,0,0,0,0,1,1,0,0,9.285072,0,0,0,0,1105.069,0,0
691,AW_KatouNIMO,10,0,0,5,0.0,0,1,0,0,0,0,0,0,0.0,0,0,0,0,1602.702,0,0
692,AW_EntruvNIMO,10,0,0,0,60.72,0,0,0,0,1,1,0,0,122.363907,0,0,0,0,1165.789,0,0
693,AW_ExgonidNIMO,10,0,0,1,0.0,0,1,0,0,0,0,0,0,0.0,0,0,0,0,1121.815,0,0
694,GV_chillrex,19,0,0,0,0.0,0,0,0,0,0,0,0,0,0.0,0,0,0,0,416.477,0,0
695,GV_jerieno,19,1,0,0,208.855789,0,7,0,0,1,1,0,0,3.4235425,0,0,0,0,628.914,0,0
696,GV_afham,19,0,0,0,0.0,0,0,0,0,0,0,0,0,0.0,0,0,0,0,506.468,0,0
697,GV_njRx,19,0,1,1,35.4371643,0,0,0,0,0,0,0,0,0.0,0,0,0,0,542.199,0,0
698,ArkAngel_k1lla-,12,0,0,3,0.0,0,4,0,0,0,0,0,0,0.0,0,0,1,0,1449.324,0,0
699,ArkAngel_Haxxxx,12,0,0,3,27.55414,0,3,0,0,0,0,0,0,0.0,0,0,0,0,1435.832,0,0
700,ArkAngel_AidreN,12,0,0,3,60.73964,0,7,0,0,0,0,0,0,0.0,0,0,0,0,1478.47,0,0
701,ArkAngel_dex,12,0,0,1,0.0,0,15,0,0,0,0,0,0,0.0,0,0,0,0,1526.048,0,0
702,TNC_JustinWeaver,17,1,0,2,124.061653,0,1,0,0,0,0,0,0,0.0,0,0,0,0,1148.044,0,0
703,TNC_HipsterD,17,0,0,1,44.25,0,0,0,0,1,1,0,0,61.3546638,0,0,0,0,1148.048,0,0
704,TNC_Lstr-,17,0,1,0,83.85,0,1,0,0,0,0,0,0,0.0,0,0,0,0,1148.051,0,0
705,TNC_O_Man_P,17,1,0,4,69.9,0,0,0,0,1,1,0,0,6.502089,0,0,0,0,1148.058,0,0
706,RM5S_Tik,2,4,2,5,744.6209,1,3,0,0,1,4,0,0,154.131287,0,0,0,0,2021.064,0,0
707,RM5S_MeoU,2,4,2,3,628.167664,0,3,0,0,1,3,0,0,202.86586,0,0,0,0,1996.722,0,0
708,RM5S_Snake,2,1,2,3,462.7247,0,5,0,0,2,2,0,0,42.15961,0,0,0,0,2115.605,0,0
709,RM5S_OcVoDich,2,2,3,2,193.887543,0,11,0,0,1,1,0,0,146.727631,0,0,0,0,1647.094,0,0
710,GeekFam_JangS,1,0,0,4,26.6941814,0,3,0,0,0,0,0,0,0.0,0,0,0,0,2031.195,0,0
711,GeekFam_KnyG,1,1,0,3,223.720627,0,1,0,0,1,1,0,0,47.1933136,0,0,2,0,2024.642,0,0
712,GeekFam_Modyyy,1,1,0,1,112.0,0,3,0,0,1,1,0,0,65.4229,0,0,0,0,2115.66,0,0
713,GeekFam_Savior,1,1,1,2,341.3572,0,0,0,0,1,1,0,0,80.49206,0,0,2,0,2115.66,0,0
714,xunwu_QuickENDz,16,1,0,2,106.578888,0,0,0,0,0,0,0,0,0.0,0,0,0,0,1173.656,0,0
715,xunwu_Pat2301,16,0,0,2,0.0,0,5,0,0,0,0,0,0,0.0,0,0,0,0,1179.294,0,0
716,xunwu_OilMN,16,0,0,4,40.2163925,0,2,0,0,0,0,0,0,0.0,0,0,0,0,1181.203,0,0
717,xunwu_Archz,16,0,0,3,0.0,0,1,0,0,0,0,0,0,0.0,0,0,0,0,1157.595,0,0
718,PLMES_Justmoment,16,1,0,0,75.34014,0,0,0,0,0,0,0,0,0.0,0,0,0,0,915.886,0,0
719,PLMES_PuuChiwz,16,0,1,1,19.35,0,3,0,0,0,0,0,0,0.0,0,0,0,0,970.909,0,0
720,PLMES_YOSHI,16,3,0,1,295.212433,0,1,0,0,1,3,0,0,63.695797,0,0,0,0,1522.33,0,0
721,PLMES_Bossense,16,0,0,0,48.9386368,0,0,0,0,0,0,0,0,0.0,0,0,0,0,996.117,0,0
722,Logitech_Lionarz-,14,0,0,1,0.0,0,2,0,0,0,0,0,0,0.0,0,0,1,0,1033.128,0,0
723,Logitech_Shaggyy,14,0,0,1,0.0,0,0,0,0,0,0,0,0,0.0,0,0,0,0,1084.964,0,0
724,Logitech_xTouyx2,14,0,0,1,0.0,0,0,0,0,0,0,0,0,0.0,0,0,0,0,1033.118,0,0
725,Logitech_benwick,14,1,0,4,100.0,0,8,0,0,1,1,0,0,20.9194584,0,0,0,0,1718.466,0,0
726,VikingsW_Bongmin,8,2,0,2,566.3297,0,1,0,0,1,2,0,0,37.1145248,0,0,0,0,1767.902,0,0
727,VikingsW_Slowz,8,0,1,4,284.946564,0,4,0,0,0,0,0,0,0.0,0,0,0,0,1910.146,0,0
728,VikingsW_Liningz,8,2,2,2,238.34491,0,3,0,0,0,0,0,0,0.0,0,0,0,0,1460.516,0,0
729,VikingsW_Jikey,8,1,1,3,477.8936,0,2,0,0,1,1,0,0,3.05672026,0,0,1,1,1910.141,0,0
730,GAMEHOME_SsuBang,7,0,0,1,84.73541,0,0,0,0,0,0,0,0,0.0,0,0,0,0,1024.458,0,0
731,GAMEHOME_Kai,7,0,0,0,0.0,0,0,0,0,0,0,0,0,0.0,0,0,0,0,1914.48,0,0
732,GAMEHOME_zGou1,7,0,0,0,43.0305443,0,1,0,0,0,0,0,0,0.0,0,0,0,0,1082.396,0,0
733,GAMEHOME_Nielt,7,3,2,1,70.77273,0,3,0,0,1,1,0,0,15.062521,0,0,0,0,1925.172,0,0
734,MKJ_snazzu,18,0,0,2,0.0,0,7,0,0,0,0,0,0,0.0,0,0,0,0,1155.111,0,0
735,MKJ_ROSeksdee,18,1,0,0,106.095772,0,0,0,0,0,0,0,0,0.0,0,0,0,0,1014.396,0,0
736,MKJ_Darkaz,18,1,0,3,100.0,0,1,0,0,1,1,0,0,50.6401024,0,0,1,0,1343.437,0,0
737,MKJ_kBYTEZ,18,0,0,3,66.34142,0,8,0,0,0,0,0,0,0.0,0,0,0,0,1149.27,0,0
738,GeekFam_JangS,13,1,0,5,98.0,1,6,0,0,1,1,0,0,126.928757,0,0,0,0,1728.715,0,0
739,GeekFam_KnyG,13,0,0,0,0.0,0,0,0,0,0,0,0,0,0.0,0,0,0,0,87.651,0,0
740,GeekFam_Modyyy,13,0,0,0,0.0,0,0,0,0,0,0,0,0,0.0,0,0,0,0,231.544,0,0
741,GeekFam_Savior,13,0,0,0,75.62809,0,2,0,0,0,0,0,0,0.0,0,0,0,0,1634.658,0,0
742,ArkAngel_dex,20,1,0,0,124.509995,0,0,0,0,1,1,0,0,36.1612663,0,0,0,0,932.677,0,0
743,ArkAngel_Haxxxx,20,1,1,2,75.4900055,0,1,0,0,1,1,0,0,11.471941,0,0,1,0,1197.696,0,0
744,ArkAngel_k1lla-,20,1,1,3,100.0,0,2,0,0,1,1,0,0,10.17733,0,0,0,0,1197.684,0,0
745,ArkAngel_AidreN,20,0,0,0,0.0,0,0,0,0,0,0,0,0,0.0,0,0,0,0,908.154,0,0
746,RRQ_ASwp,3,1,0,2,356.762054,0,10,0,0,1,1,0,0,37.79133,0,0,0,0,2107.115,0,0
747,RRQ_VALDEMORT,3,0,0,3,46.4049568,0,1,0,0,0,0,0,0,0.0,0,0,1,0,1586.229,0,0
748,RRQ_Ma4nn,3,2,0,4,178.882324,0,6,0,0,1,1,0,0,1.99275541,0,0,0,0,1783.592,0,0
749,RRQ_CoppinLee,3,0,0,5,82.75555,0,8,0,0,0,0,0,0,0.0,0,0,0,0,1523.632,0,0
750,Refund_Pino,12,2,0,0,180.650009,0,0,0,0,1,2,0,0,9.466381,0,0,0,0,1088.496,0,0
751,Refund_FunkyM,12,0,0,2,0.0,0,0,0,0,0,0,0,0,0.0,0,0,1,0,1696.513,0,0
752,Refund_Rambo,12,1,0,5,151.6,0,1,0,0,1,1,0,0,90.05832,0,0,0,0,1438.65,0,0
753,Refund_DjChip,12,2,1,2,269.5476,0,1,0,0,1,1,0,0,102.40432,0,0,0,0,1832.227,0,0
754,AW_ArthurNIMO,10,0,0,2,0.0,0,4,0,0,0,0,0,0,0.0,0,0,0,0,1861.489,0,0
755,AW_KatouNIMO,10,0,0,6,172.2227,1,2,0,0,1,1,0,0,2.14032769,0,0,1,0,1733.421,0,0
756,AW_EntruvNIMO,10,0,0,1,93.60217,0,0,0,0,0,0,0,0,0.0,0,0,0,0,1076.885,0,0
757,AW_ExgonidNIMO,10,1,0,4,40.7619553,0,3,0,0,1,1,0,0,16.4829,0,0,0,1,1462.606,0,0
758,QUAC_Fr0zz3rn,9,0,0,2,153.99649,0,6,0,0,0,0,0,0,0.0,0,0,1,0,1623.443,0,0
759,QUAC_Apluxx,9,0,0,0,48.5534248,0,0,0,0,0,0,0,0,0.0,0,0,0,0,1891.517,0,0
760,QUAC_Raldo,9,1,0,4,132.213577,0,0,0,0,1,1,0,0,126.251778,0,0,0,0,1651.315,0,0
761,QUAC_Scyrex,9,1,0,3,108.985634,1,11,0,0,1,2,0,0,143.233185,0,0,0,0,1834.891,0,0
762,GV_jerieno,11,0,0,4,66.51448,0,5,0,0,1,1,0,0,18.9042244,0,0,0,0,1855.828,0,0
763,GV_chillrex,11,0,2,5,365.656433,0,7,0,0,0,0,0,0,0.0,0,0,1,0,1690.933,0,0
764,GV_njRx,11,1,0,5,215.5843,0,3,0,0,1,1,0,0,46.3023567,0,0,0,0,1725.485,0,0
765,GV_afham,11,1,1,3,183.288544,0,5,0,0,0,0,0,0,0.0,0,0,0,0,1443.521,0,0
766,xunwu_QuickENDz,5,0,0,5,67.2140656,0,2,0,0,0,0,0,0,0.0,0,0,1,0,1772.518,0,0
767,xunwu_OilMN,5,1,1,2,135.8205,0,0,0,0,1,1,0,0,3.602431,0,0,0,0,1699.584,0,0
768,xunwu_Archz,5,5,0,3,651.665161,2,2,0,0,1,4,0,0,176.791138,0,0,0,0,1999.583,0,0
769,xunwu_Pat2301,5,0,1,1,27.3895111,0,0,0,0,0,0,0,0,0.0,0,0,0,0,1530.917,0,0
770,GIX_Asterrr,19,0,0,1,0.0,0,4,0,0,0,0,0,0,0.0,0,0,0,0,490.245,0,0
771,GIX_Vintage7,19,0,0,2,70.8706055,0,0,0,0,0,0,0,0,0.0,0,0,0,0,1299.741,0,0
772,GIX_MeGaLoRD,19,0,0,1,62.419342,0,0,0,0,0,0,0,0,0.0,0,0,0,0,1253.517,0,0
773,GIX_SiKANCIL,19,0,0,0,0.0,0,0,0,0,0,0,0,0,0.0,0,0,0,0,426.665,0,0
774,Divine_DoubleP,6,0,0,3,141.126862,0,9,0,0,0,0,0,0,0.0,0,0,0,0,1500.742,0,0
775,Divine_Jettt,6,2,0,0,310.3539,1,0,0,0,1,2,0,0,339.560852,0,0,0,0,917.99,0,0
776,Divine_Leviz,6,1,3,1,268.139771,0,2,0,0,1,1,0,0,283.508545,0,0,0,0,1806.933,0,0
777,Divine_Nickyyy,6,2,0,4,530.0796,0,7,0,0,2,2,0,0,74.1871262,0,0,1,0,1934.657,0,0
778,RM5S_MeoU,15,2,1,3,246.564,0,3,0,0,1,1,0,0,169.989182,0,0,2,0,1657.24,0,0
779,RM5S_Tik,15,1,1,3,398.497925,0,8,0,0,2,3,0,0,88.81561,0,0,1,0,1631.814,0,0
780,RM5S_Snake,15,2,0,0,251.869171,0,1,0,0,1,2,0,0,192.65477,0,0,0,0,1657.249,0,0
781,RM5S_OcVoDich,15,1,1,1,86.0,0,0,0,0,1,1,0,0,193.004379,0,0,0,0,1518.907,0,0
782,AG_dmggg,4,0,2,4,129.665573,0,5,0,0,1,1,0,0,26.26857,0,0,0,0,2021.535,0,0
783,AG_ThanawatTH,4,5,0,6,649.1613,1,8,0,0,1,5,0,0,77.11523,0,0,0,0,1930.398,0,0
784,AG_p1scezPRO,4,3,1,3,636.8639,2,3,0,0,1,4,0,0,142.235458,0,0,0,0,1912.34,0,0
785,AG_GeneralGaming,4,2,1,3,205.556061,0,1,0,0,1,1,0,0,4.82586861,0,0,0,0,1903.573,0,0
786,JG_FTS-AvocrnMSI,2,2,1,4,352.2548,2,7,0,0,1,4,0,0,198.605743,0,0,1,0,2127.003,0,0
787,JG_FTS-RocBRAZEN,2,0,0,0,79.335,0,0,0,0,0,0,0,0,0.0,0,0,0,0,1522.104,0,0
788,JG_FTS-IkyCUBETv,2,2,1,4,573.036255,1,1,0,0,1,4,0,0,218.756989,0,0,0,0,2102.816,0,0
789,JG_FTS-AnggaMSI,2,3,0,4,614.2315,2,5,0,0,1,4,0,0,210.435242,0,0,1,0,2127.007,0,0
790,2Be_JobJab_-,1,1,1,2,209.203049,0,1,0,0,1,1,0,0,355.85,0,0,0,0,1880.42,0,0
791,2Be_Reggiez,1,0,3,3,355.42807,0,2,0,0,1,1,0,0,20.0152225,0,0,0,0,2127.071,0,0
792,2Be_Jamesftz-,1,2,0,6,138.415009,2,1,0,0,1,2,0,0,78.4367752,0,0,0,0,2127.071,0,0
793,2Be_Jayers-,1,1,2,4,204.349228,0,8,0,0,1,3,0,0,112.726814,0,0,0,0,2127.071,0,0
794,TNC_HipsterD,17,0,0,2,61.4853821,0,2,0,0,0,0,0,0,0.0,0,0,1,0,1407.501,0,0
795,TNC_Lstr-,17,0,0,3,279.94455,0,4,0,0,0,0,0,0,0.0,0,0,0,0,1420.831,0,0
796,TNC_O_Man_P,17,0,0,1,0.0,0,0,0,0,0,0,0,0,0.0,0,0,0,0,677.865,0,0
797,TNC_JustinWeaver,17,1,0,3,53.0,0,0,0,0,0,0,0,0,0.0,0,0,1,0,1430.223,0,0
798,PLMES_PuuChiwz,2,0,0,4,129.426559,0,4,0,0,1,1,0,0,3.143859,0,0,0,0,1915.906,0,0
799,PLMES_Justmoment,2,3,0,4,221.58934,0,8,0,0,3,3,0,0,118.105957,0,0,0,0,1919.65,0,0
800,PLMES_YOSHI,2,0,3,5,651.277344,2,2,0,0,1,3,0,0,316.975952,0,0,0,0,2110.579,0,0
801,PLMES_Bossense,2,0,0,3,54.9988136,0,6,0,0,0,0,0,0,0.0,0,0,0,0,1853.854,0,0
802,AW_ArthurNIMO,12,0,0,1,0.0,0,1,0,0,0,0,0,0,0.0,0,0,0,0,1689.115,0,0
803,AW_KatouNIMO,12,0,0,3,29.4,0,0,0,0,0,0,0,0,0.0,0,0,0,0,818.82,0,0
804,AW_EntruvNIMO,12,0,0,1,0.0,0,0,0,0,0,0,0,0,0.0,0,0,0,0,857.401,0,0
805,AW_ExgonidNIMO,12,0,0,0,0.0,0,0,0,0,0,0,0,0,0.0,0,0,0,0,781.42,0,0
806,RRQ_ASwp,4,0,0,2,91.29399,0,2,0,0,0,0,0,0,0.0,0,0,1,0,1738.347,0,0
807,RRQ_CoppinLee,4,1,0,1,0.0,0,4,0,0,0,0,0,0,0.0,0,0,0,0,994.615,0,0
808,RRQ_Ma4nn,4,0,0,0,0.0,0,0,0,0,0,0,0,0,0.0,0,0,0,0,857.246,0,0
809,RRQ_VALDEMORT,4,0,0,7,92.83052,0,1,0,0,0,0,0,0,0.0,0,0,0,0,1971.025,0,0
810,JG_FTS-AvocrnMSI,3,6,3,4,1007.55115,0,11,0,0,2,4,0,0,239.957932,0,0,0,0,2094.485,0,0
811,JG_FTS-RocBRAZEN,3,5,0,3,415.508148,0,2,0,0,2,5,0,0,208.089081,0,0,0,0,1970.253,0,0
812,JG_FTS-IkyCUBETv,3,4,1,5,790.8276,1,1,0,0,1,4,0,0,434.8134,0,0,1,0,2065.107,0,0
813,JG_FTS-AnggaMSI,3,4,4,4,917.4885,0,4,0,0,1,3,0,0,410.495117,0,0,2,0,2060.247,0,0
814,Refund_Pino,5,3,1,6,339.963745,1,7,0,0,2,3,0,0,103.979568,0,0,0,0,1876.721,0,0
815,Refund_DjChip,5,3,0,5,448.528961,1,9,0,0,2,2,0,0,193.108444,0,0,2,0,1871.508,0,0
816,Refund_Rambo,5,3,2,9,540.6431,0,9,0,0,1,2,0,0,25.731636,0,0,1,0,1862.653,0,0
817,Refund_FunkyM,5,4,2,6,628.16626,2,5,0,0,1,4,0,0,169.850143,0,0,1,0,1878.708,0,0
818,Divine_Nickyyy,6,0,0,1,0.0,0,0,0,0,0,0,0,0,0.0,0,0,0,0,516.168,0,0
819,Divine_Jettt,6,2,0,5,413.789948,2,1,0,0,3,4,0,0,76.79175,0,0,0,0,1868.705,0,0
820,Divine_DoubleP,6,0,0,0,0.0,0,0,0,0,0,0,0,0,0.0,0,0,0,0,523.589,0,0
821,Divine_Leviz,6,0,0,1,0.0,0,0,0,0,0,0,0,0,0.0,0,0,0,0,542.762,0,0
822,2Be_JobJab_-,14,0,0,3,0.0,0,1,0,0,0,0,0,0,0.0,0,0,1,0,1549.706,0,0
823,2Be_Reggiez,14,0,1,2,79.296936,0,3,0,0,0,0,0,0,0.0,0,0,3,0,1601.261,0,0
824,2Be_Jamesftz-,14,1,0,6,216.677521,0,4,0,0,1,1,0,0,92.81503,0,0,0,0,1604.147,0,0
825,2Be_Jayers-,14,0,0,3,45.5573959,0,16,0,0,0,0,0,0,0.0,0,0,0,0,1604.155,0,0
826,GIX_Vintage7,19,0,0,0,29.4,0,0,0,0,0,0,0,0,0.0,0,0,0,0,399.116,0,0
827,GIX_Asterrr,19,2,0,1,130.28,0,1,0,0,1,2,0,0,22.2887936,0,0,1,0,921.343,0,0
828,GIX_SiKANCIL,19,1,0,0,0.0,0,1,0,0,0,0,0,0,0.0,0,0,0,0,767.75,0,0
829,GIX_MeGaLoRD,19,0,1,2,67.94,0,2,0,0,0,0,0,0,0.0,0,0,1,0,921.338,0,0
830,AG_dmggg,16,2,0,3,200.0,1,4,0,0,1,1,0,0,41.2788849,0,0,1,0,1285.375,0,0
831,AG_ThanawatTH,16,1,0,2,220.94162,0,2,0,0,1,1,0,0,81.18543,0,0,0,0,1457.172,0,0
832,AG_p1scezPRO,16,1,0,2,135.57,0,1,0,0,0,0,0,0,0.0,0,0,1,0,1457.186,0,0
833,AG_GeneralGaming,16,2,0,2,294.465149,1,2,0,0,1,1,0,0,135.532654,0,0,2,0,1457.18,0,0
834,GAMEHOME_SsuBang,15,1,0,0,100.0,1,0,0,0,1,1,0,0,4.712112,0,0,0,0,739.445,0,0
835,GAMEHOME_Kai,15,0,0,2,71.5333557,0,1,0,0,0,0,0,0,0.0,0,0,0,0,1521.641,0,0
836,GAMEHOME_zGou1,15,2,0,1,339.809174,0,1,0,0,1,1,0,0,194.8895,0,0,0,0,1431.748,0,0
837,GAMEHOME_Nielt,15,0,0,2,117.238632,0,2,0,0,1,1,0,0,23.9815617,0,0,0,0,1531.143,0,0
838,RM5S_Tik,1,2,1,4,411.187134,0,10,0,0,2,3,0,0,61.1390724,0,0,0,0,2110.638,0,0
839,RM5S_Snake,1,1,3,1,512.272,0,1,0,0,1,2,0,0,29.9518452,0,0,2,0,2110.638,0,0
840,RM5S_MeoU,1,6,2,5,744.4591,1,5,0,0,1,4,0,0,176.9062,0,0,1,0,2087.52,0,0
841,RM5S_OcVoDich,1,1,1,4,195.385345,0,3,0,0,1,1,0,0,35.0857849,0,0,0,0,2110.638,0,0
842,GeekFam_JangS,11,0,0,0,33.8512726,0,2,0,0,0,0,0,0,0.0,0,0,0,0,1214.756,0,0
843,GeekFam_KnyG,11,2,0,6,155.05629,0,1,0,0,1,1,0,0,23.7397442,0,0,1,0,1595.187,0,0
844,GeekFam_Modyyy,11,1,0,2,180.144745,1,8,0,0,2,2,0,0,43.9561539,0,0,1,0,1704.974,0,0
845,GeekFam_Savior,11,0,0,2,0.0,0,0,0,0,0,0,0,0,0.0,0,0,0,0,1013.543,0,0
846,MKJ_snazzu,10,1,0,1,94.15113,0,3,0,0,1,1,0,0,68.39965,0,0,0,0,1737.692,0,0
847,MKJ_ROSeksdee,10,1,0,1,149.318161,0,6,0,0,1,1,0,0,141.303421,0,0,0,0,1734.472,0,0
848,MKJ_kBYTEZ,10,0,0,0,29.8660622,0,1,0,0,0,0,0,0,0.0,0,0,0,0,1732.179,0,0
849,MKJ_Darkaz,10,0,0,0,0.0,0,0,0,0,0,0,0,0,0.0,0,0,0,0,133.806,0,0
850,QUAC_Fr0zz3rn,17,1,0,3,107.1918,0,2,0,0,0,0,0,0,0.0,0,0,0,0,988.395,0,0
851,QUAC_Scyrex,17,1,1,3,148.35405,0,3,0,0,0,0,0,0,0.0,0,0,0,0,1319.844,0,0
852,QUAC_Apluxx,17,0,0,0,0.0,0,0,0,0,0,0,0,0,0.0,0,0,0,0,827.772,0,0
853,QUAC_Raldo,17,0,0,1,0.0,0,0,0,0,0,0,0,0,0.0,0,0,0,0,1068.294,0,0
854,TNC_JustinWeaver,20,1,0,0,93.0,0,2,0,0,0,0,0,0,0.0,0,0,0,0,556.277,0,0
855,TNC_HipsterD,20,0,0,0,82.3811646,0,1,0,0,0,0,0,0,0.0,0,0,1,0,556.282,0,0
856,TNC_Lstr-,20,0,0,0,35.9431229,0,0,0,0,0,0,0,0,0.0,0,0,0,0,500.664,0,0
857,TNC_O_Man_P,20,0,0,0,0.0,0,0,0,0,0,0,0,0,0.0,0,0,0,0,146.073,0,0
858,GV_jerieno,13,0,0,2,0.0,0,0,0,0,0,0,0,0,0.0,0,0,0,0,1326.439,0,0
859,GV_chillrex,13,0,2,4,82.286026,0,0,0,0,0,0,0,0,0.0,0,0,0,0,1561.195,0,0
860,GV_njRx,13,3,0,4,267.489471,1,4,0,0,1,3,0,0,187.652924,0,0,0,0,1663.053,0,0
861,GV_afham,13,1,0,4,213.318832,0,1,0,0,1,2,0,0,14.8705273,0,0,0,0,1558.663,0,0
862,VikingsW_Liningz,18,0,0,1,60.6299973,0,0,0,0,0,0,0,0,0.0,0,0,0,0,770.268,0,0
863,VikingsW_Bongmin,18,2,1,0,296.340027,0,1,0,0,1,1,0,0,2.60158539,0,0,0,0,897.541,0,0
864,VikingsW_Jikey,18,0,0,3,0.0,0,0,0,0,0,0,0,0,0.0,0,0,0,0,1030.091,0,0
865,VikingsW_Slowz,18,0,0,4,69.9,0,12,0,0,1,1,0,0,7.83368635,0,0,1,0,1223.492,0,0
866,xunwu_OilMN,8,1,0,4,117.883591,0,5,0,0,1,1,0,0,34.1612473,0,0,0,0,1866.605,0,0
867,xunwu_Pat2301,8,0,1,6,207.606674,0,2,0,0,1,1,0,0,5.358913,0,0,1,0,1866.614,0,0
868,xunwu_Archz,8,2,1,4,127.376396,0,12,0,0,0,0,0,0,0.0,0,0,0,0,1792.09,0,0
869,xunwu_QuickENDz,8,0,0,4,19.1884079,0,1,0,0,0,0,0,0,0.0,0,0,0,0,1786.937,0,0
870,Logitech_Lionarz-,9,0,2,4,424.319763,1,8,0,0,1,1,0,0,1.30510855,0,0,1,0,1779.814,0,0
871,Logitech_Shaggyy,9,1,0,2,107.288925,0,5,0,0,0,0,0,0,0.0,0,0,0,0,1779.977,0,0
872,Logitech_xTouyx2,9,2,0,1,223.114685,0,1,0,0,0,0,0,0,0.0,0,0,0,0,768.84,0,0
873,Logitech_benwick,9,1,0,0,167.12999,0,0,0,0,0,0,0,0,0.0,0,0,0,0,759.753,0,0
874,ArkAngel_dex,7,0,1,1,124.739311,0,2,0,0,0,0,0,0,0.0,0,0,1,1,1538.783,0,0
875,ArkAngel_Haxxxx,7,1,1,5,104.609383,0,5,0,0,0,0,0,0,0.0,0,0,0,0,1867.171,0,0
876,ArkAngel_k1lla-,7,4,0,6,597.078552,0,6,0,0,2,3,0,0,267.8803,0,0,2,0,1516.748,0,0
877,ArkAngel_AidreN,7,0,1,1,65.68404,0,7,0,0,0,0,0,0,0.0,0,0,0,0,1577.957,0,0
878,GV_chillrex,16,0,0,0,0.0,0,0,0,0,0,0,0,0,0.0,0,0,0,0,377.657,0,0
879,GV_jerieno,16,0,0,5,0.0,0,23,0,0,0,0,0,0,0.0,0,0,0,0,1366.54,0,0
880,GV_afham,16,0,0,3,0.0,0,2,0,0,0,0,0,0,0.0,0,0,0,0,1092.482,0,0
881,GV_njRx,16,0,0,3,62.5666122,0,0,0,0,0,0,0,0,0.0,0,0,0,0,1102.642,0,0
882,Refund_Pino,8,0,0,0,0.0,0,0,0,0,0,0,0,0,0.0,0,0,0,0,752.703,0,0
883,Refund_FunkyM,8,1,0,1,133.05,1,2,0,0,1,1,0,0,9.749808,0,0,0,0,1864.704,0,0
884,Refund_DjChip,8,0,0,0,0.0,0,0,0,0,0,0,0,0,0.0,0,0,0,0,703.154,0,0
885,Refund_Rambo,8,1,0,2,160.200012,0,0,0,0,1,1,0,0,19.9574337,0,0,0,0,663.989,0,0
886,MKJ_ROSeksdee,3,0,0,0,21.59759,0,0,0,0,0,0,0,0,0.0,0,0,0,0,563.859,0,0
887,MKJ_kBYTEZ,3,0,0,3,0.0,0,0,0,0,0,0,0,0,0.0,0,0,0,0,2130.269,0,0
888,MKJ_Darkaz,3,0,0,1,32.3539429,0,2,0,0,0,0,0,0,0.0,0,0,0,0,1230.497,0,0
889,MKJ_snazzu,3,0,0,1,42.69471,0,0,0,0,0,0,0,0,0.0,0,0,0,0,555.859,0,0
890,QUAC_Fr0zz3rn,4,0,0,0,0.0,0,0,0,0,0,0,0,0,0.0,0,0,0,0,509.839,0,0
891,QUAC_Raldo,4,1,0,4,167.775,0,6,0,0,1,1,0,0,44.21659,0,0,0,0,2105.763,0,0
892,QUAC_Scyrex,4,1,1,2,283.507172,0,3,0,0,1,2,0,0,218.078262,0,0,0,0,1465.724,0,0
893,QUAC_Apluxx,4,1,0,1,182.181122,0,1,0,0,0,0,0,0,0.0,0,0,0,0,2111.942,0,0
894,RRQ_VALDEMORT,5,1,0,5,100.0,0,1,0,0,1,1,0,0,20.3778038,0,0,0,0,1731.218,0,0
895,RRQ_CoppinLee,5,0,0,1,11.9427471,0,0,0,0,0,0,0,0,0.0,0,0,0,0,1024.787,0,0
896,RRQ_Ma4nn,5,1,0,1,304.017761,0,0,0,0,0,0,0,0,0.0,0,0,0,0,2103.544,0,0
897,RRQ_ASwp,5,0,0,1,227.841888,0,3,0,0,0,0,0,0,0.0,0,0,0,0,2103.549,0,0
898,ArkAngel_k1lla-,12,2,1,3,440.0581,1,8,0,0,1,3,0,0,205.594772,0,0,0,0,1563.974,0,0
899,ArkAngel_Haxxxx,12,1,1,2,166.257172,0,1,0,0,1,1,0,0,164.946716,0,0,0,0,1388.007,0,0
900,ArkAngel_dex,12,2,3,5,386.715851,0,7,0,0,1,2,0,0,103.633438,0,0,0,1,1576.348,0,0
901,ArkAngel_AidreN,12,1,0,1,164.4658,0,1,0,0,1,1,0,0,196.759323,0,0,0,0,718.68,0,0
902,GAMEHOME_SsuBang,11,1,1,2,310.13382,2,0,0,0,1,2,0,0,190.811462,0,0,0,0,1580.83,0,0
903,GAMEHOME_Kai,11,2,0,2,333.4761,0,2,0,0,1,2,0,0,25.4413567,0,0,0,0,1663.204,0,0
904,GAMEHOME_zGou1,11,5,2,3,379.188629,1,1,0,0,1,2,0,0,24.4907856,0,0,1,0,1663.21,0,0
905,GAMEHOME_Nielt,11,1,0,1,159.903458,0,0,0,0,1,1,0,0,13.0350523,0,0,0,0,1448.904,0,0
906,Logitech_Lionarz-,20,1,0,1,114.67,0,0,0,0,0,0,0,0,0.0,0,0,3,0,796.105,0,0
907,Logitech_Shaggyy,20,1,0,2,100.0,0,1,0,0,1,1,0,0,4.13210344,0,0,0,0,797.262,0,0
908,Logitech_xTouyx2,20,1,0,0,100.0,1,1,0,0,1,1,0,0,2.92412281,0,0,0,0,796.092,0,0
909,Logitech_benwick,20,2,0,1,313.19,1,1,0,0,1,2,0,0,27.8537445,0,0,1,0,796.098,0,0
910,JG_FTS-AvocrnMSI,17,0,0,0,0.0,0,0,0,0,0,0,0,0,0.0,0,0,0,0,243.685,0,0
911,JG_FTS-RocBRAZEN,17,0,0,1,0.0,0,4,0,0,0,0,0,0,0.0,0,0,0,0,1301.425,0,0
912,JG_FTS-AnggaMSI,17,0,0,1,83.78453,0,1,0,0,0,0,0,0,0.0,0,0,0,0,1338.547,0,0
913,JG_FTS-IkyCUBETv,17,2,0,1,220.363068,0,0,0,0,1,1,0,0,3.8034668,0,0,0,0,1275.111,0,0
914,RM5S_Tik,15,0,0,0,0.0,0,0,0,0,0,0,0,0,0.0,0,0,0,0,232.974,0,0
915,RM5S_MeoU,15,0,0,6,69.5206451,0,1,0,0,0,0,0,0,0.0,0,0,0,0,1485.79,0,0
916,RM5S_OcVoDich,15,0,0,1,0.0,0,5,0,0,0,0,0,0,0.0,0,0,1,0,1445.176,0,0
917,RM5S_Snake,15,0,0,2,130.153,0,0,0,0,0,0,0,0,0.0,0,0,0,0,1376.889,0,0
918,AW_ArthurNIMO,14,0,0,0,0.0,0,0,0,0,0,0,0,0,0.0,0,0,0,0,353.245,0,0
919,AW_EntruvNIMO,14,0,0,0,0.0,0,0,0,0,0,0,0,0,0.0,0,0,0,0,492.003,0,0
920,AW_KatouNIMO,14,0,0,1,0.0,0,0,0,0,0,0,0,0,0.0,0,0,0,0,1503.695,0,0
921,AW_ExgonidNIMO,14,1,0,0,125.74,0,0,0,0,0,0,0,0,0.0,0,0,0,0,248.273,0,0
922,GIX_SiKANCIL,9,3,0,6,284.6551,1,9,0,0,1,3,0,0,143.507751,0,0,0,0,1855.61,0,0
923,GIX_Asterrr,9,1,0,0,40.0619431,0,0,0,0,1,1,0,0,169.215469,0,0,0,0,1339.433,0,0
924,GIX_MeGaLoRD,9,3,0,4,477.358673,0,3,0,0,1,4,0,0,165.07283,0,0,1,0,1594.515,0,0
925,GIX_Vintage7,9,0,0,3,19.8397541,0,6,0,0,0,0,0,0,0.0,0,0,0,0,1410.779,0,0
926,xunwu_Pat2301,10,2,2,2,234.801727,0,0,0,0,1,1,0,0,14.9111328,0,0,0,0,1553.637,0,0
927,xunwu_Archz,10,0,0,2,0.0,0,0,0,0,0,0,0,0,0.0,0,0,0,0,1713.102,0,0
928,xunwu_OilMN,10,0,0,0,106.44,0,0,0,0,1,1,0,0,38.2775459,0,0,0,0,835.534,0,0
929,xunwu_QuickENDz,10,0,0,0,0.0,0,0,0,0,0,0,0,0,0.0,0,0,0,0,832.32,0,0
930,Divine_DoubleP,7,0,0,7,320.649048,0,0,0,0,1,3,0,0,138.621536,0,0,0,0,1891.05,0,0
931,Divine_Nickyyy,7,3,1,6,404.6346,2,1,0,0,1,4,0,0,93.0402451,0,0,0,0,1669.292,0,0
932,Divine_Leviz,7,0,1,2,21.285,0,0,0,0,0,0,0,0,0.0,0,0,0,0,845.741,0,0
933,Divine_Jettt,7,4,0,2,508.1664,1,2,0,0,3,4,0,0,29.72416,0,0,0,0,1143.711,0,0
934,GeekFam_JangS,1,1,0,1,246.010513,0,10,0,0,1,2,0,0,40.35177,0,0,0,0,2131.863,0,0
935,GeekFam_KnyG,1,0,0,0,0.0,0,0,0,0,0,0,0,0,0.0,0,0,0,0,167.652,0,0
936,GeekFam_Modyyy,1,0,1,0,150.680008,0,3,0,0,1,1,0,0,12.9876966,0,0,1,0,2115.234,0,0
937,GeekFam_Savior,1,2,1,1,441.907654,2,7,0,0,2,3,0,0,80.07896,0,0,1,0,2131.863,0,0
938,AG_ThanawatTH,2,0,0,0,0.0,0,0,0,0,0,0,0,0,0.0,0,0,0,0,484.186,0,0
939,AG_dmggg,2,2,1,4,536.7368,1,3,0,0,1,4,0,0,103.651131,0,0,0,0,2131.774,0,0
940,AG_p1scezPRO,2,0,0,2,100.0,1,1,0,0,1,1,0,0,158.686966,0,0,0,0,1747.697,0,0
941,AG_GeneralGaming,2,0,0,1,23.2200012,0,1,0,0,0,0,0,0,0.0,0,0,0,0,879.406,0,0
942,TNC_JustinWeaver,13,2,0,1,427.673767,1,0,0,0,1,4,0,0,213.388092,0,0,0,0,1537.238,0,0
943,TNC_HipsterD,13,1,0,1,100.0,0,0,0,0,0,0,0,0,0.0,0,0,0,0,1505.417,0,0
944,TNC_Lstr-,13,2,0,0,284.0626,0,0,0,0,1,2,0,0,231.278717,0,0,1,0,1417.811,0,0
945,TNC_O_Man_P,13,1,0,4,122.335007,0,1,0,0,0,0,0,0,0.0,0,0,0,0,1544.249,0,0
946,VikingsW_Bongmin,19,0,0,1,34.7396,0,0,0,0,0,0,0,0,0.0,0,0,0,0,720.783,0,0
947,VikingsW_Liningz,19,4,0,0,281.855316,0,2,0,0,1,2,0,0,28.4830475,0,0,0,0,858.38,0,0
948,VikingsW_Jikey,19,0,0,0,130.506775,0,0,0,0,0,0,0,0,0.0,0,0,0,0,858.368,0,0
949,VikingsW_Slowz,19,3,0,2,404.3137,1,1,0,0,3,3,0,0,38.68347,0,0,1,0,858.371,0,0
950,2Be_JobJab_-,18,0,0,0,91.8,0,0,0,0,0,0,0,0,0.0,0,0,0,0,1065.369,0,0
951,2Be_Reggiez,18,0,0,2,0.0,0,2,0,0,0,0,0,0,0.0,0,0,0,0,1081.62,0,0
952,2Be_Jamesftz-,18,0,0,0,0.0,0,0,0,0,0,0,0,0,0.0,0,0,0,0,1068.356,0,0
953,2Be_Jayers-,18,0,0,0,92.98503,0,0,0,0,0,0,0,0,0.0,0,0,0,0,1062.904,0,0
954,PLMES_PuuChiwz,6,0,0,0,49.7666245,0,0,0,0,0,0,0,0,0.0,0,0,0,0,1624.758,0,0
955,PLMES_Justmoment,6,1,1,1,158.0,0,1,0,0,1,2,0,0,95.33267,0,0,1,0,1849.7,0,0
956,PLMES_YOSHI,6,2,0,4,200.0,2,8,0,0,1,3,0,0,152.20636,0,0,0,0,1603.033,0,0
957,PLMES_Bossense,6,2,0,8,389.03833,0,7,0,0,1,3,0,0,27.3945313,0,0,2,0,2040.799,0,0
