,player_id,team_rank,dbnos,assists,boosts,damage_dealt,headshot_kills,heals,kill_streaks,kills,longest_kill,revives,team_kills,time_survived
0,SSU_Refund,8,1,0,5,269.01038,0,1,0,0,0.0,0,0,1354
1,SSU_Mylifekill,8,2,0,3,276.04865,0,7,0,0,0.0,0,0,1388
2,SSU_NBP,8,0,0,3,97.85222,0,4,0,0,0.0,0,0,1326
3,SSU_Akyeon,8,0,0,2,0.0,0,0,0,0,0.0,0,0,1265
4,DK_Under,7,2,0,6,426.7727,0,7,1,2,56.050644,0,0,1403
5,DK_Loki,7,1,0,2,47.8137,0,2,1,1,30.453608,0,0,1005
6,DK_Menteul,7,0,0,2,169.55223,0,0,0,0,0.0,0,0,1015
7,DK_Makne,7,0,0,4,70.56,0,6,0,0,0.0,0,0,1403
8,KDF_Akad,6,0,0,0,0.0,0,0,0,0,0.0,0,0,614
9,KDF_LashK,6,0,0,2,0.0,0,1,0,0,0.0,0,0,1271
10,KDF_Hikari,6,1,0,2,111.82906,1,1,1,1,356.898,0,0,1271
11,KDF_EEND,6,1,0,4,329.49734,0,8,0,0,0.0,0,0,1494
12,NON_Dokdo,5,0,1,4,202.4071,0,1,0,0,0.0,0,0,1524
13,NON_Bumper,5,1,1,2,100.50771,0,1,0,0,0.0,0,0,1528
14,NON_Jungsae,5,0,2,6,295.8204,0,1,0,0,0.0,0,0,1527
15,NON_Daylight,5,3,1,5,346.54666,2,3,1,2,108.42361,0,0,1528
16,V7_JangGu,3,0,1,12,308.2291,1,10,1,2,78.07139,1,0,1584
17,V7_LeaF,3,7,2,7,869.5912,5,5,3,8,263.8607,1,0,1597
18,V7_Puding,3,1,0,6,278.69275,1,3,1,2,147.76065,0,0,1500
19,V7_2star,3,1,1,4,127.15206,0,4,1,1,90.56448,0,0,1398
20,emT_JeffLocka,12,1,0,0,44.771442,1,0,1,1,10.870462,0,0,687
21,emT_DAEVA,12,2,1,5,235.93602,0,3,1,2,38.53215,1,0,1164
22,emT_Sparrow,12,2,1,3,419.95352,1,4,1,3,26.383196,0,0,1167
23,emT_Stella,12,0,3,5,209.99301,0,4,0,0,0.0,1,0,1234
24,OPGG_GimJun,14,0,0,2,0.0,0,0,0,0,0.0,0,0,1138
25,OPGG_Gyuyeon,14,0,0,6,0.0,0,1,0,0,0.0,0,0,1138
26,OPGG_ZEARM,14,0,0,1,0.0,0,1,0,0,0.0,0,0,1138
27,OPGG_HowL,14,0,0,0,0.0,0,1,0,0,0.0,1,0,1134
28,MG_yacha,16,0,0,0,68.837715,0,0,0,0,0.0,1,0,554
29,MG_SeungYong,16,0,0,0,40.835648,0,1,0,0,0.0,0,0,541
30,MG_Gak,16,0,0,3,0.0,0,2,0,0,0.0,0,0,844
31,MG_Dlaks,16,0,0,2,0.0,0,1,0,0,0.0,0,0,863
32,GNL_TaekGyun,13,0,0,4,108.38431,0,1,0,0,0.0,0,0,1171
33,GNL_Tosi,13,0,0,5,167.00885,0,0,0,0,0.0,0,0,1185
34,GNL_ROY,13,0,0,4,351.42822,0,0,0,0,0.0,0,0,1172
35,GNL_HAMMER,13,1,0,2,16.084312,0,0,1,2,78.94147,0,0,1185
36,GGP_SunLight,2,1,2,4,239.75586,1,1,1,2,136.17851,0,0,1042
37,GGP_ReVe,2,3,0,5,418.87238,0,3,3,3,55.29757,0,0,1842
38,GGP_Crux,2,1,1,6,241.24074,0,3,0,0,0.0,1,0,1842
39,GGP_MinuDa,2,1,0,11,736.2998,1,9,1,2,349.1804,0,0,1842
40,GnG_ZeniTh,15,2,1,3,159.11206,0,3,1,1,26.193293,0,0,916
41,GnG_Salvia,15,0,0,4,107.689224,0,1,0,0,0.0,0,0,898
42,GnG_KarNa,15,0,0,0,0.0,0,0,0,0,0.0,0,0,587
43,GnG_Hwarang,15,1,0,4,190.36606,0,1,1,1,44.619705,0,0,1019
44,EOS_ParkChaN,9,1,0,4,541.1912,0,1,2,2,36.40291,0,0,1299
45,EOS_DozeL,9,0,0,2,10.8,0,0,0,0,0.0,0,0,705
46,EOS_KimKaXhaxx,9,1,0,2,31.635883,0,0,1,1,8.225751,0,0,713
47,EOS_Da-min,9,0,0,3,76.882904,0,4,0,0,0.0,0,0,1285
48,ATA_Ahcay,1,5,1,5,499.6811,1,1,2,6,288.5596,0,0,1842
49,ATA_NEFiEX,1,1,2,11,415.49036,1,0,1,3,260.5557,0,0,1842
50,ATA_Hwan2da,1,1,3,8,421.9381,2,9,1,2,117.81143,0,0,1842
51,ATA_WICK2D,1,4,0,3,792.13403,0,1,3,4,52.078285,0,0,1842
52,GEN_Maczora,10,0,0,4,147.82889,0,1,0,0,0.0,1,0,1235
53,GEN_Inonix,10,0,0,3,120.80053,0,1,0,0,0.0,0,0,1262
54,GEN_Spear,10,2,0,2,75.0,0,2,0,0,0.0,0,0,1262
55,GEN_Renba,10,0,0,5,161.13385,0,2,0,0,0.0,0,0,1254
56,DNW_HelleN,4,1,1,4,289.5869,0,2,1,2,65.27359,4,0,1468
57,DNW_Salute,4,0,0,2,0.0,0,2,0,0,0.0,0,0,1478
58,DNW_seoul,4,1,3,5,426.92206,0,2,1,1,23.12615,0,0,1474
59,DNW_Rex,4,1,2,6,58.937004,0,4,1,1,8.665075,1,0,1565
60,GBL_Adder,11,0,0,1,154.2388,0,0,0,0,0.0,0,0,878
61,GBL_Gyumin,11,0,0,2,78.789215,0,0,0,0,0.0,0,0,1255
62,GBL_Heaven,11,1,0,4,175.44061,0,3,1,1,48.53038,0,0,1255
63,GBL_Lambu,11,2,0,4,237.58063,0,0,0,0,0.0,0,1,1255
64,ATA_Ahcay,16,0,0,0,29.046541,0,0,0,0,0.0,0,0,496
65,ATA_WICK2D,16,1,0,0,0.0,0,0,0,0,0.0,0,0,409
66,ATA_NEFiEX,16,1,0,2,131.40628,0,2,0,0,0.0,0,0,579
67,ATA_Hwan2da,16,2,0,0,248.84,0,0,0,0,0.0,0,0,495
68,OPGG_Gyuyeon,15,1,0,3,203.79802,0,1,1,1,29.170748,0,0,1017
69,OPGG_HowL,15,0,1,0,120.7498,0,0,0,0,0.0,0,0,1017
70,OPGG_GimJun,15,0,1,0,30.771091,0,0,0,0,0.0,0,0,1007
71,OPGG_ZEARM,15,0,0,0,0.0,0,0,0,0,0.0,0,0,1017
72,emT_Sparrow,12,0,0,1,140.90738,0,0,0,0,0.0,0,0,885
73,emT_Stella,12,1,0,1,28.812813,0,1,0,0,0.0,0,0,896
74,emT_JeffLocka,12,1,1,7,310.12216,0,3,0,0,0.0,0,0,1299
75,emT_DAEVA,12,0,0,2,20.748,0,1,0,0,0.0,0,0,892
76,SSU_Refund,11,2,2,2,114.12719,0,4,0,0,0.0,0,0,1325
77,SSU_NBP,11,0,0,0,44.57879,0,0,0,0,0.0,0,0,424
78,SSU_Mylifekill,11,0,0,2,0.0,0,5,0,0,0.0,0,0,1325
79,SSU_Akyeon,11,0,0,3,0.0,0,2,0,0,0.0,0,0,1325
80,GBL_Adder,7,0,3,3,126.89187,0,4,1,1,191.2556,1,0,1386
81,GBL_Gyumin,7,5,3,2,447.24985,1,3,3,4,30.794643,3,0,1386
82,GBL_Lambu,7,2,2,5,318.28394,0,1,1,2,24.231745,0,0,1354
83,GBL_Heaven,7,0,0,6,190.1227,0,4,0,0,0.0,0,0,1363
84,GNL_HAMMER,14,0,0,1,0.0,0,0,0,0,0.0,0,0,1024
85,GNL_ROY,14,0,0,1,19.8,0,1,1,1,16.426022,0,0,1032
86,GNL_TaekGyun,14,0,0,3,0.0,0,0,0,0,0.0,0,0,1032
87,GNL_Tosi,14,0,0,3,43.56,0,0,0,0,0.0,0,0,1032
88,GGP_ReVe,1,0,0,1,150.32736,0,0,0,0,0.0,0,0,1332
89,GGP_SunLight,1,0,0,4,8.354926,0,1,0,0,0.0,0,0,1325
90,GGP_MinuDa,1,3,5,11,631.306,1,3,1,4,233.04353,0,0,1708
91,GGP_Crux,1,3,3,5,603.5418,1,1,2,7,320.5576,0,0,1708
92,GEN_Renba,5,5,0,4,352.36517,2,5,4,6,56.974953,0,0,1491
93,GEN_Maczora,5,0,2,0,162.51016,0,1,0,0,0.0,0,0,1005
94,GEN_Inonix,5,1,3,3,377.7065,0,3,0,0,0.0,0,0,1319
95,GEN_Spear,5,1,0,2,164.05219,0,2,0,0,0.0,1,0,1345
96,DK_Loki,2,0,0,4,0.0,0,4,0,0,0.0,0,0,1337
97,DK_Under,2,2,2,2,233.87749,0,0,2,2,16.998264,1,0,1027
98,DK_Menteul,2,2,0,1,467.2764,0,2,2,4,157.2991,0,0,1708
99,DK_Makne,2,1,0,6,211.91293,0,3,1,1,37.075985,0,0,1708
100,NON_Jungsae,4,4,1,7,434.02118,0,4,1,1,4.553236,0,0,1531
101,NON_Daylight,4,0,0,1,147.84615,0,1,0,0,0.0,1,0,1326
102,NON_Bumper,4,0,0,0,0.0,0,1,0,0,0.0,0,0,1135
103,NON_Dokdo,4,2,3,2,209.13115,0,3,0,0,0.0,1,0,1531
104,KDF_EEND,3,3,1,4,326.41483,1,2,3,5,526.3311,1,0,1615
105,KDF_Akad,3,0,3,0,338.25424,0,0,1,1,252.1938,0,0,1471
106,KDF_Hikari,3,0,3,4,253.007,0,5,1,2,97.184814,2,0,1615
107,KDF_LashK,3,2,2,0,98.62305,0,0,0,0,0.0,0,0,1478
108,MG_Dlaks,8,1,1,2,206.78856,0,0,1,1,24.96551,0,0,1371
109,MG_Gak,8,0,0,2,0.0,0,0,0,0,0.0,0,0,1383
110,MG_yacha,8,0,0,1,71.16651,0,0,0,0,0.0,0,0,1364
111,MG_SeungYong,8,2,0,3,278.69836,0,0,1,2,80.68876,0,0,1385
112,GnG_ZeniTh,9,1,2,2,94.67998,0,0,1,1,94.551414,0,0,1273
113,GnG_Salvia,9,0,1,5,454.0971,0,2,1,2,65.3515,0,0,1346
114,GnG_KarNa,9,1,0,0,70.39,0,0,1,1,126.90586,0,0,459
115,GnG_Hwarang,9,0,2,4,258.01886,0,1,0,0,0.0,0,0,1301
116,DNW_Rex,6,0,0,5,111.26973,0,7,2,4,408.38477,1,0,1458
117,DNW_Salute,6,0,0,4,213.70892,0,2,0,0,0.0,0,0,1470
118,DNW_HelleN,6,2,0,5,628.2485,1,8,1,1,7.8242707,0,0,1470
119,DNW_seoul,6,0,0,5,286.6487,0,5,0,0,0.0,0,0,1457
120,V7_JangGu,13,4,1,10,427.00003,1,11,3,3,3.449158,0,0,1257
121,V7_2star,13,0,0,0,0.0,0,0,0,0,0.0,0,0,166
122,V7_Puding,13,0,1,6,0.0,0,12,0,0,0.0,0,0,847
123,V7_LeaF,13,0,0,0,0.0,0,0,0,0,0.0,0,0,107
124,EOS_ParkChaN,10,1,0,1,131.02,0,0,1,1,12.007164,0,0,257
125,EOS_DozeL,10,1,0,0,202.95999,1,2,1,1,39.140892,0,0,254
126,EOS_Da-min,10,0,0,0,0.0,0,0,0,0,0.0,0,0,252
127,EOS_KimKaXhaxx,10,2,0,7,202.98976,0,10,1,2,85.67194,0,0,1339
128,ATA_Hwan2da,11,0,0,2,0.0,0,1,0,0,0.0,0,0,1058
129,ATA_WICK2D,11,0,0,2,24.135796,0,3,0,0,0.0,0,0,1147
130,ATA_Ahcay,11,1,0,4,127.15441,0,4,1,1,51.49735,0,0,1147
131,ATA_NEFiEX,11,0,0,5,142.23877,0,4,0,0,0.0,0,0,1147
132,KDF_EEND,7,3,1,5,370.6296,1,3,1,2,177.53593,0,0,1442
133,KDF_Akad,7,2,2,4,232.73618,0,8,0,0,0.0,1,0,1440
134,KDF_LashK,7,0,1,5,185.4632,0,6,1,2,82.36957,0,0,1442
135,KDF_Hikari,7,1,3,7,469.24084,0,2,1,1,150.45006,0,0,1424
136,emT_Stella,2,0,0,3,74.40346,0,1,0,0,0.0,0,0,1058
137,emT_DAEVA,2,2,0,5,250.06891,0,4,1,2,76.76178,0,0,1914
138,emT_Sparrow,2,3,0,5,347.89038,0,5,1,2,38.096653,0,0,1214
139,emT_JeffLocka,2,0,0,2,126.34588,0,0,0,0,0.0,0,0,1210
140,NON_Bumper,4,0,1,6,192.68195,0,6,0,0,0.0,0,1,1838
141,NON_Jungsae,4,4,0,5,460.4296,0,1,1,2,233.22693,0,0,1746
142,NON_Dokdo,4,3,2,8,410.49268,1,11,1,3,183.93787,0,0,1767
143,NON_Daylight,4,0,0,0,56.305466,0,0,0,0,0.0,0,0,662
144,GBL_Gyumin,6,1,0,0,58.399963,0,0,1,1,33.423027,0,0,573
145,GBL_Heaven,6,0,2,3,110.0,0,0,0,0,0.0,0,0,1402
146,GBL_Adder,6,2,1,7,583.78595,1,3,3,3,25.626568,0,0,1598
147,GBL_Lambu,6,1,0,0,43.600002,0,0,1,1,26.002283,0,0,384
148,SSU_Mylifekill,15,0,1,1,56.89145,0,0,0,0,0.0,0,0,1003
149,SSU_Refund,15,0,0,0,0.0,0,0,0,0,0.0,0,0,371
150,SSU_Akyeon,15,1,0,1,100.0,1,0,1,1,224.99129,0,0,402
151,SSU_NBP,15,0,0,1,80.23374,0,0,0,0,0.0,0,0,1003
152,GnG_ZeniTh,8,0,0,6,23.3919,0,2,0,0,0.0,0,0,1408
153,GnG_Hwarang,8,0,0,6,18.81,0,2,0,0,0.0,0,0,1408
154,GnG_KarNa,8,0,0,3,96.90126,0,8,0,0,0.0,0,0,1408
155,GnG_Salvia,8,0,0,4,102.0,0,1,0,0,0.0,0,0,1190
156,EOS_KimKaXhaxx,16,0,0,2,38.40962,0,2,0,0,0.0,0,0,934
157,EOS_DozeL,16,0,0,0,0.0,0,0,0,0,0.0,0,0,934
158,EOS_Da-min,16,0,0,3,0.0,0,0,0,0,0.0,0,0,862
159,EOS_ParkChaN,16,0,0,4,151.178,0,1,0,0,0.0,0,0,934
160,GGP_Crux,13,0,0,6,61.27082,0,3,0,0,0.0,1,0,1130
161,GGP_MinuDa,13,1,0,7,328.67163,0,2,1,1,30.442749,0,0,1130
162,GGP_ReVe,13,0,0,4,167.71933,0,1,0,0,0.0,0,0,1115
163,GGP_SunLight,13,2,0,1,332.90906,1,1,2,2,22.644995,0,0,847
164,GEN_Maczora,12,0,0,2,16.827215,0,2,0,0,0.0,0,0,1135
165,GEN_Inonix,12,0,2,3,229.30669,0,0,0,0,0.0,0,0,1123
166,GEN_Spear,12,1,0,3,132.20914,0,3,1,1,133.51027,1,0,1144
167,GEN_Renba,12,3,0,4,264.87402,1,0,2,3,116.622215,0,0,1144
168,MG_SeungYong,3,1,0,5,281.6894,0,13,1,1,68.942726,0,0,1747
169,MG_Dlaks,3,2,2,8,509.9181,0,4,2,2,111.5314,0,0,1887
170,MG_yacha,3,1,2,5,793.00757,0,2,1,1,25.981207,1,0,1893
171,MG_Gak,3,2,1,7,381.52368,0,5,2,3,35.761288,1,0,1865
172,V7_JangGu,14,0,0,2,42.324867,0,2,0,0,0.0,0,0,1050
173,V7_2star,14,0,0,2,30.867874,0,3,0,0,0.0,0,0,1035
174,V7_Puding,14,0,0,4,0.0,0,1,0,0,0.0,0,0,1050
175,V7_LeaF,14,0,0,1,26.8598,0,0,0,0,0.0,0,0,1032
176,DNW_seoul,10,1,2,4,327.1054,0,2,2,2,160.35835,0,0,1168
177,DNW_Salute,10,1,0,5,428.263,0,3,1,1,3.5029998,0,0,1160
178,DNW_HelleN,10,0,0,2,105.98279,0,0,0,0,0.0,0,0,1136
179,DNW_Rex,10,2,2,1,381.5417,0,1,1,3,126.50485,0,0,1168
180,OPGG_HowL,1,1,3,4,564.48096,0,2,1,2,30.337261,0,0,1914
181,OPGG_Gyuyeon,1,1,3,8,431.32153,0,4,1,3,66.956474,1,0,1889
182,OPGG_GimJun,1,0,0,0,0.0,0,0,0,0,0.0,0,0,294
183,OPGG_ZEARM,1,3,2,9,487.27994,1,6,2,4,42.10758,0,0,1914
184,DK_Menteul,5,1,1,5,360.21115,0,5,0,0,0.0,0,0,1621
185,DK_Makne,5,3,1,9,452.54095,2,4,1,3,80.3457,2,0,1698
186,DK_Loki,5,4,1,3,391.3164,1,1,2,4,67.95862,0,0,1462
187,DK_Under,5,1,3,6,491.9299,0,9,1,1,4.7463045,1,0,1698
188,GNL_Tosi,9,2,0,5,296.81,0,4,3,3,22.835135,0,0,1189
189,GNL_ROY,9,0,0,4,60.576042,0,5,0,0,0.0,1,0,1115
190,GNL_HAMMER,9,0,1,5,98.7,0,2,0,0,0.0,0,0,1118
191,GNL_TaekGyun,9,0,0,2,0.0,0,0,0,0,0.0,0,0,848
192,MG_SeungYong,12,0,0,1,110.357994,0,0,0,0,0.0,0,0,1244
193,MG_Gak,12,0,0,3,39.6,0,0,0,0,0.0,0,0,869
194,MG_yacha,12,0,0,0,0.0,0,0,0,0,0.0,0,0,870
195,MG_Dlaks,12,0,0,2,0.0,0,1,0,0,0.0,0,0,860
196,KDF_LashK,2,0,0,0,0.0,0,0,0,0,0.0,0,0,643
197,KDF_Akad,2,4,1,4,672.82794,2,3,2,5,350.8425,0,0,1586
198,KDF_Hikari,2,2,1,4,378.14795,0,0,1,2,93.57793,0,0,1586
199,KDF_EEND,2,1,2,5,368.7612,1,3,1,3,418.2155,0,0,1586
200,SSU_NBP,15,1,0,1,223.44267,0,0,0,0,0.0,0,0,951
201,SSU_Refund,15,0,0,0,0.0,0,0,0,0,0.0,0,0,350
202,SSU_Akyeon,15,0,0,2,71.28885,0,2,0,0,0.0,0,0,951
203,SSU_Mylifekill,15,0,0,1,0.0,0,0,0,0,0.0,0,0,616
204,NON_Jungsae,14,0,0,6,111.664894,0,2,0,0,0.0,0,0,1019
205,NON_Bumper,14,0,0,2,98.840996,0,4,0,0,0.0,0,0,966
206,NON_Dokdo,14,1,0,2,318.17206,0,1,0,0,0.0,1,0,1019
207,NON_Daylight,14,0,0,2,0.0,0,0,0,0,0.0,0,0,932
208,DK_Makne,4,0,0,8,60.0,0,8,1,1,64.02884,0,0,1499
209,DK_Under,4,1,1,8,375.31046,0,2,0,0,0.0,0,0,1499
210,DK_Menteul,4,0,0,1,80.85,0,0,0,0,0.0,0,0,550
211,DK_Loki,4,0,0,7,127.87343,0,5,0,0,0.0,0,0,1499
212,GBL_Adder,16,0,0,4,78.48163,0,1,0,0,0.0,0,0,910
213,GBL_Heaven,16,1,0,4,168.1611,0,0,1,1,11.583636,1,0,918
214,GBL_Lambu,16,0,1,4,0.0,0,1,0,0,0.0,0,0,918
215,GBL_Gyumin,16,1,0,2,159.25565,0,0,1,1,30.176075,0,0,886
216,OPGG_GimJun,13,0,0,2,105.847946,0,0,0,0,0.0,0,0,1095
217,OPGG_ZEARM,13,2,0,1,69.37323,0,0,0,0,0.0,0,0,1095
218,OPGG_Gyuyeon,13,0,0,2,23.76,0,0,0,0,0.0,0,0,240
219,OPGG_HowL,13,0,0,0,149.18019,0,0,0,0,0.0,0,0,1095
220,GGP_SunLight,7,0,0,5,109.60253,0,9,0,0,0.0,4,0,1370
221,GGP_Crux,7,0,0,6,0.0,0,1,0,0,0.0,1,0,1220
222,GGP_MinuDa,7,0,0,9,89.282196,0,4,0,0,0.0,1,0,1370
223,GGP_ReVe,7,0,0,3,103.30958,0,3,0,0,0.0,0,0,1207
224,EOS_ParkChaN,1,6,1,2,623.8002,0,0,1,3,261.2916,0,0,1586
225,EOS_KimKaXhaxx,1,7,5,5,929.70087,0,2,1,2,91.97311,0,0,1586
226,EOS_DozeL,1,0,0,1,0.0,0,0,0,0,0.0,0,0,1586
227,EOS_Da-min,1,2,0,5,178.16849,1,0,2,3,156.50154,0,0,1586
228,emT_Sparrow,10,0,1,3,38.294563,0,0,0,0,0.0,0,0,1258
229,emT_Stella,10,1,0,2,253.85307,0,1,0,0,0.0,0,0,1280
230,emT_JeffLocka,10,0,0,1,0.0,0,0,0,0,0.0,0,0,557
231,emT_DAEVA,10,2,0,0,233.8976,1,3,1,2,244.58502,0,0,1291
232,ATA_Ahcay,8,0,0,1,150.6888,0,1,0,0,0.0,0,0,1043
233,ATA_Hwan2da,8,1,2,7,188.11,0,12,0,0,0.0,0,0,1296
234,ATA_NEFiEX,8,0,2,5,128.00641,0,3,0,0,0.0,1,0,1305
235,ATA_WICK2D,8,5,0,1,296.2773,0,3,1,3,66.41247,1,0,1302
236,GEN_Inonix,6,2,0,8,259.24048,2,6,2,3,117.68721,1,0,1462
237,GEN_Maczora,6,1,1,7,99.3925,1,10,1,1,51.77311,2,0,1462
238,GEN_Renba,6,2,1,4,252.88945,1,4,1,2,109.18139,1,0,1277
239,GEN_Spear,6,1,1,3,164.19101,0,7,0,0,0.0,0,0,1462
240,GNL_ROY,5,1,3,7,635.01086,2,9,2,4,133.54936,2,0,1458
241,GNL_HAMMER,5,0,0,3,172.5563,0,0,0,0,0.0,0,0,1289
242,GNL_Tosi,5,1,2,7,252.66357,0,7,1,1,163.28957,1,0,1463
243,GNL_TaekGyun,5,3,0,6,188.12753,0,3,2,3,47.615532,0,0,1472
244,GnG_ZeniTh,3,0,3,6,525.56573,0,3,0,0,0.0,0,0,814
245,GnG_Hwarang,3,4,1,2,489.03818,0,0,1,3,23.5324,0,0,898
246,GnG_Salvia,3,1,1,7,213.01025,0,2,2,2,4.732335,0,0,1579
247,GnG_KarNa,3,2,0,5,468.44144,0,3,1,3,197.23708,1,0,1579
248,DNW_Rex,11,0,0,5,17.543924,0,2,0,0,0.0,0,0,1288
249,DNW_seoul,11,1,0,2,284.46698,0,0,0,0,0.0,0,0,1288
250,DNW_HelleN,11,0,0,3,0.0,0,1,0,0,0.0,0,0,1239
251,DNW_Salute,11,0,0,2,120.827515,0,1,0,0,0.0,0,0,1288
252,V7_Puding,9,2,0,6,251.49437,2,3,2,3,54.242313,2,0,1301
253,V7_JangGu,9,0,3,8,222.7265,0,3,0,0,0.0,0,0,1275
254,V7_LeaF,9,2,2,4,427.7194,1,1,1,2,38.76996,0,0,1226
255,V7_2star,9,3,0,3,277.67645,0,4,1,2,39.436745,2,0,1301
256,ATA_Ahcay,13,0,0,2,61.39644,0,3,0,0,0.0,0,0,966
257,ATA_Hwan2da,13,0,1,1,182.98752,0,0,0,0,0.0,0,0,982
258,ATA_NEFiEX,13,0,0,0,0.0,0,0,0,0,0.0,0,0,543
259,ATA_WICK2D,13,2,0,3,278.12958,0,1,1,2,96.17614,0,0,1042
260,DNW_HelleN,2,3,0,5,313.87033,1,3,1,2,136.95021,1,0,1694
261,DNW_Salute,2,1,1,3,224.8515,0,1,1,1,20.584867,0,0,1763
262,DNW_Rex,2,1,0,6,325.25992,0,0,1,2,80.90045,1,0,1740
263,DNW_seoul,2,1,2,9,351.42337,0,4,0,0,0.0,2,0,1763
264,KDF_Hikari,10,1,0,4,86.02956,0,3,1,1,54.42848,0,0,1166
265,KDF_Akad,10,1,1,2,163.06169,1,1,1,1,122.455574,0,0,1143
266,KDF_LashK,10,0,1,7,154.80106,0,2,0,0,0.0,0,0,1249
267,KDF_EEND,10,1,1,4,187.32213,0,3,1,1,289.62976,0,0,1197
268,GnG_Salvia,12,0,0,0,0.0,0,0,0,0,0.0,0,0,263
269,GnG_Hwarang,12,4,0,3,223.02077,3,2,2,4,128.52998,0,0,903
270,GnG_ZeniTh,12,0,2,5,287.89337,0,2,1,2,47.754097,1,0,1064
271,GnG_KarNa,12,2,1,1,352.40958,1,1,1,2,34.42515,0,0,983
272,GBL_Lambu,15,0,0,1,26.107283,0,0,0,0,0.0,0,0,874
273,GBL_Gyumin,15,1,0,0,216.31187,0,0,0,0,0.0,0,0,887
274,GBL_Adder,15,0,0,1,0.0,0,0,0,0,0.0,0,0,887
275,GBL_Heaven,15,0,0,3,60.604866,0,1,0,0,0.0,0,0,882
276,EOS_DozeL,3,0,0,5,169.762,0,2,0,0,0.0,0,0,1425
277,EOS_ParkChaN,3,3,1,8,529.27014,2,6,2,5,183.70854,0,0,1622
278,EOS_KimKaXhaxx,3,1,0,3,211.1521,0,3,1,1,14.853367,0,0,1181
279,EOS_Da-min,3,1,0,3,257.54428,2,0,1,2,19.562532,1,0,1443
280,GGP_MinuDa,6,2,0,5,438.9359,1,3,1,1,163.94519,0,0,1580
281,GGP_Crux,6,0,0,2,85.52881,0,0,0,0,0.0,0,0,711
282,GGP_ReVe,6,0,0,0,0.0,0,0,0,0,0.0,0,0,713
283,GGP_SunLight,6,0,0,2,112.16254,0,11,0,0,0.0,0,0,1577
284,GEN_Maczora,4,4,4,2,714.5706,1,2,2,3,217.53899,0,0,1572
285,GEN_Inonix,4,0,0,0,0.0,0,0,0,0,0.0,0,0,279
286,GEN_Renba,4,2,2,4,482.23544,0,2,0,0,0.0,0,0,1599
287,GEN_Spear,4,1,0,3,149.22656,0,2,2,2,11.128531,0,0,1599
288,V7_Puding,1,2,0,7,574.3005,0,5,2,3,15.228865,0,0,1763
289,V7_JangGu,1,3,1,7,454.07446,1,7,1,3,59.908573,0,0,1763
290,V7_LeaF,1,2,1,7,178.89354,0,12,1,1,77.266304,0,0,1721
291,V7_2star,1,2,1,3,175.197,0,7,1,2,49.872116,1,0,1763
292,DK_Loki,14,0,0,4,0.0,0,0,0,0,0.0,0,0,1006
293,DK_Under,14,0,0,4,97.68,0,1,0,0,0.0,0,0,1035
294,DK_Menteul,14,0,0,2,38.808,0,0,0,0,0.0,0,0,1029
295,DK_Makne,14,0,0,2,129.70993,0,1,0,0,0.0,0,0,1035
296,OPGG_Gyuyeon,5,1,3,5,216.26207,0,5,1,1,42.345943,1,0,1595
297,OPGG_HowL,5,1,2,5,134.8699,0,5,2,2,43.008404,1,0,1595
298,OPGG_GimJun,5,2,0,6,212.59744,1,4,1,3,262.25647,0,0,1456
299,OPGG_ZEARM,5,0,1,0,29.04,0,0,0,0,0.0,0,0,423
300,emT_JeffLocka,16,2,0,0,224.04213,0,0,0,0,0.0,0,0,847
301,emT_DAEVA,16,0,0,0,0.0,0,0,0,0,0.0,0,0,847
302,emT_Sparrow,16,3,0,1,306.22107,1,0,1,3,101.93506,0,0,847
303,emT_Stella,16,0,0,1,43.31266,0,1,0,0,0.0,0,0,847
304,NON_Bumper,8,0,0,0,0.0,0,0,0,0,0.0,0,0,216
305,NON_Dokdo,8,0,0,1,0.0,0,0,0,0,0.0,0,0,694
306,NON_Daylight,8,1,0,5,224.12941,0,3,1,1,237.67816,0,0,1257
307,NON_Jungsae,8,2,0,9,352.31934,1,4,1,2,145.35352,0,0,1513
308,GNL_ROY,11,0,0,1,43.303917,0,0,0,0,0.0,0,0,844
309,GNL_HAMMER,11,1,1,2,277.18298,0,0,0,0,0.0,1,1,1133
310,GNL_Tosi,11,1,0,0,175.6,0,0,1,1,17.91703,0,0,420
311,GNL_TaekGyun,11,1,0,6,11.702738,0,5,0,0,0.0,0,0,1133
312,MG_Gak,7,0,1,5,294.77707,0,5,0,0,0.0,0,0,1579
313,MG_SeungYong,7,0,0,5,0.0,0,4,0,0,0.0,0,0,1427
314,MG_Dlaks,7,2,0,7,200.91275,0,5,1,2,51.72866,0,0,1579
315,MG_yacha,7,0,0,3,139.94662,0,3,1,1,306.5832,0,0,1531
316,SSU_Mylifekill,9,0,0,5,86.62716,0,2,0,0,0.0,0,0,1475
317,SSU_Akyeon,9,0,0,0,73.079994,0,0,0,0,0.0,0,0,721
318,SSU_Refund,9,0,0,6,268.73132,0,4,0,0,0.0,1,0,1489
319,SSU_NBP,9,1,0,7,511.60986,1,7,2,2,14.78268,1,0,1447
320,KDF_LashK,12,0,0,4,166.84822,0,3,0,0,0.0,0,0,1261
321,KDF_Akad,12,0,0,3,27.160866,0,1,0,0,0.0,2,0,1261
322,KDF_EEND,12,0,0,2,0.0,0,4,0,0,0.0,0,0,841
323,KDF_Hikari,12,2,0,4,257.2791,0,2,0,0,0.0,0,0,1261
324,EOS_KimKaXhaxx,7,0,0,1,23.76,0,0,0,0,0.0,0,0,610
325,EOS_ParkChaN,7,1,0,2,219.17174,0,1,0,0,0.0,0,0,853
326,EOS_Da-min,7,3,0,5,293.1303,1,5,1,4,189.0678,0,0,1495
327,EOS_DozeL,7,0,0,2,0.0,0,1,0,0,0.0,0,0,857
328,OPGG_HowL,11,0,1,2,81.84,0,0,0,0,0.0,0,0,1275
329,OPGG_ZEARM,11,0,0,2,19.473152,0,1,0,0,0.0,0,0,1272
330,OPGG_GimJun,11,0,0,3,22.900982,0,0,0,0,0.0,0,0,1275
331,OPGG_Gyuyeon,11,1,0,8,37.960003,0,1,1,1,6.6770267,0,0,1275
332,emT_Stella,1,7,2,9,743.12695,3,4,4,9,551.1575,1,0,1904
333,emT_Sparrow,1,0,1,2,63.36,0,2,0,0,0.0,1,0,958
334,emT_DAEVA,1,2,0,9,592.95404,2,9,1,4,104.70708,1,0,1904
335,emT_JeffLocka,1,1,2,7,277.6865,0,3,1,1,56.35544,1,0,1904
336,GNL_TaekGyun,15,0,1,4,25.513096,0,0,0,0,0.0,0,0,1007
337,GNL_ROY,15,1,0,4,75.0,0,2,1,1,56.99112,0,0,1006
338,GNL_Tosi,15,1,1,5,164.18404,1,0,1,1,15.043822,0,0,987
339,GNL_HAMMER,15,1,0,3,323.33643,1,1,2,2,50.838398,0,0,1034
340,GEN_Maczora,13,1,1,3,156.53307,0,4,1,1,233.0286,0,0,1136
341,GEN_Renba,13,3,2,4,282.15454,1,3,1,1,301.28455,0,0,1249
342,GEN_Spear,13,2,2,2,125.45613,0,5,0,0,0.0,0,0,1249
343,GEN_Inonix,13,0,0,0,0.0,0,0,0,0,0.0,0,0,676
344,GBL_Lambu,14,2,0,5,142.29466,1,2,1,2,204.13272,0,0,1150
345,GBL_Adder,14,1,1,1,279.60547,1,2,1,2,123.79726,0,0,1174
346,GBL_Gyumin,14,0,0,2,101.37318,0,1,0,0,0.0,1,0,1163
347,GBL_Heaven,14,1,3,2,380.05103,0,0,0,0,0.0,0,0,1145
348,DNW_Salute,9,1,0,3,258.9802,0,2,0,0,0.0,1,0,1382
349,DNW_Rex,9,0,0,2,77.71136,0,4,0,0,0.0,0,0,1113
350,DNW_HelleN,9,0,0,4,168.55847,0,3,0,0,0.0,2,0,1382
351,DNW_seoul,9,0,0,4,360.7709,0,1,0,0,0.0,0,0,1302
352,GGP_Crux,3,2,0,4,581.0935,1,2,2,2,63.08656,1,0,1895
353,GGP_MinuDa,3,3,0,7,288.67685,1,5,1,1,47.21124,1,0,1630
354,GGP_ReVe,3,1,1,9,430.1143,0,8,0,0,0.0,2,0,1900
355,GGP_SunLight,3,0,0,7,282.83548,0,4,0,0,0.0,0,0,1900
356,SSU_NBP,8,2,0,6,552.1477,0,4,1,1,84.11509,0,0,1429
357,SSU_Refund,8,1,1,2,400.87457,0,4,1,1,366.89554,0,0,1424
358,SSU_Mylifekill,8,0,0,4,60.81894,0,2,0,0,0.0,0,0,1367
359,SSU_Akyeon,8,1,1,3,180.20717,0,2,0,0,0.0,0,0,1387
360,GnG_Hwarang,16,0,0,2,55.630733,0,0,0,0,0.0,0,0,943
361,GnG_ZeniTh,16,1,1,4,137.68616,0,2,0,0,0.0,0,0,1015
362,GnG_KarNa,16,0,0,0,19.8,0,0,0,0,0.0,0,0,1015
363,GnG_Salvia,16,0,0,1,59.51213,0,3,0,0,0.0,0,0,1015
364,DK_Menteul,5,1,0,4,336.87354,1,11,1,1,41.398834,1,0,1458
365,DK_Makne,5,2,0,0,245.13048,1,3,1,1,41.4732,1,0,1290
366,DK_Under,5,2,1,7,544.95404,1,6,2,2,39.543488,1,0,1569
367,DK_Loki,5,0,0,3,35.14709,0,3,0,0,0.0,0,0,1272
368,NON_Bumper,10,2,0,5,272.17453,0,3,3,3,9.910509,0,0,1292
369,NON_Jungsae,10,0,0,3,0.0,0,0,0,0,0.0,0,0,1277
370,NON_Daylight,10,0,0,2,23.572817,0,5,0,0,0.0,0,0,1201
371,NON_Dokdo,10,0,0,2,44.20651,0,1,0,0,0.0,0,0,1273
372,V7_LeaF,4,0,1,6,223.66374,0,9,0,0,0.0,0,0,1797
373,V7_2star,4,1,0,7,304.09195,0,8,0,0,0.0,2,0,517
374,V7_Puding,4,2,0,7,218.30426,1,5,3,4,163.53046,0,0,1797
375,V7_JangGu,4,0,0,7,0.0,0,5,0,0,0.0,1,0,1289
376,MG_yacha,6,3,1,4,438.75928,0,2,2,3,35.813057,1,0,1497
377,MG_SeungYong,6,3,2,2,494.42615,1,9,2,3,69.66069,1,0,1497
378,MG_Gak,6,2,2,7,560.465,0,5,1,2,142.59062,0,0,1497
379,MG_Dlaks,6,1,2,4,318.77185,0,3,0,0,0.0,0,0,1427
380,ATA_WICK2D,2,0,0,0,25.25557,0,0,0,0,0.0,0,0,476
381,ATA_Ahcay,2,3,0,3,707.11566,0,5,1,3,364.01294,0,0,1904
382,ATA_Hwan2da,2,2,1,5,580.3023,0,1,1,1,73.81425,0,0,1904
383,ATA_NEFiEX,2,2,0,6,737.3733,1,0,2,3,196.67924,0,0,1825
384,NON_Daylight,7,0,0,2,35.602497,0,1,0,0,0.0,0,0,1183
385,NON_Dokdo,7,0,0,2,66.318985,0,2,0,0,0.0,0,0,1254
386,NON_Jungsae,7,0,0,5,66.27,0,5,0,0,0.0,0,0,1252
387,NON_Bumper,7,1,0,3,150.41908,0,4,1,1,60.710167,1,0,1254
388,V7_2star,8,0,0,0,87.119995,0,0,0,0,0.0,0,0,959
389,V7_Puding,8,4,1,6,437.03998,1,2,2,4,211.2559,2,0,1220
390,V7_JangGu,8,1,1,4,212.03325,0,5,1,1,62.263638,1,0,1220
391,V7_LeaF,8,0,0,0,0.0,0,0,0,0,0.0,0,0,911
392,OPGG_GimJun,1,0,0,0,0.0,0,0,0,0,0.0,0,0,609
393,OPGG_Gyuyeon,1,1,1,4,227.60602,0,2,1,1,35.6054,0,0,1687
394,OPGG_HowL,1,0,0,4,120.204346,0,0,1,1,32.389984,0,0,1687
395,OPGG_ZEARM,1,0,1,3,199.45,0,1,1,1,91.41295,0,0,1687
396,MG_Dlaks,14,0,0,3,110.33063,0,0,0,0,0.0,0,0,890
397,MG_yacha,14,1,0,0,100.0,1,0,1,1,50.003593,0,0,717
398,MG_SeungYong,14,1,0,1,200.0,2,1,2,2,67.92103,0,0,890
399,MG_Gak,14,0,0,1,0.0,0,0,0,0,0.0,0,0,744
400,GEN_Maczora,9,0,1,0,126.71999,0,1,0,0,0.0,0,0,946
401,GEN_Spear,9,2,0,1,175.51065,0,1,1,2,146.00769,0,0,1173
402,GEN_Inonix,9,0,0,0,20.386986,0,0,0,0,0.0,0,0,962
403,GEN_Renba,9,2,0,2,177.57489,0,0,0,0,0.0,0,0,942
404,GBL_Gyumin,2,0,1,1,66.14029,0,0,0,0,0.0,0,0,1174
405,GBL_Lambu,2,3,1,0,442.48773,0,1,1,2,61.22566,0,0,1488
406,GBL_Adder,2,0,1,5,267.08435,0,2,1,1,29.173124,0,0,1687
407,GBL_Heaven,2,2,0,7,435.63837,1,1,1,2,32.948616,0,0,1584
408,emT_Stella,4,0,0,2,0.0,0,1,0,0,0.0,0,0,897
409,emT_DAEVA,4,2,1,1,236.93839,0,0,1,1,2.551705,1,0,1666
410,emT_JeffLocka,4,0,1,1,141.88556,0,1,0,0,0.0,0,0,1360
411,emT_Sparrow,4,3,0,3,225.14728,1,2,1,3,102.31343,0,0,1373
412,EOS_ParkChaN,13,1,0,3,175.35172,0,0,0,0,0.0,0,0,790
413,EOS_DozeL,13,1,1,3,119.32791,1,5,1,1,15.415248,0,0,1048
414,EOS_Da-min,13,0,0,0,0.0,0,0,0,0,0.0,0,0,744
415,EOS_KimKaXhaxx,13,1,0,5,139.23132,0,2,1,1,15.5308695,0,0,1048
416,KDF_LashK,16,1,0,0,120.37377,0,0,1,1,19.026382,0,0,716
417,KDF_Akad,16,0,0,0,0.0,0,0,0,0,0.0,0,0,745
418,KDF_EEND,16,0,1,1,63.705597,0,1,0,0,0.0,0,0,745
419,KDF_Hikari,16,1,0,0,116.95039,0,0,1,1,119.80613,0,0,745
420,DK_Menteul,3,4,0,3,312.68723,1,2,1,5,554.67175,0,0,1550
421,DK_Loki,3,3,2,4,369.38126,2,2,2,5,183.01372,3,0,1677
422,DK_Under,3,2,4,2,628.73303,1,3,2,4,337.96475,1,0,1677
423,DK_Makne,3,1,1,2,136.02759,1,0,1,1,154.87607,0,0,1324
424,SSU_Akyeon,15,0,0,1,87.42,0,6,0,0,0.0,0,0,832
425,SSU_NBP,15,0,0,1,0.0,0,0,0,0,0.0,0,0,698
426,SSU_Mylifekill,15,0,0,1,37.62,0,0,0,0,0.0,0,0,832
427,SSU_Refund,15,2,0,2,199.99997,0,4,0,0,0.0,0,0,827
428,DNW_Salute,6,1,3,5,386.88998,1,4,1,2,52.78811,0,0,1142
429,DNW_Rex,6,0,1,1,144.15433,0,1,0,0,0.0,0,0,923
430,DNW_seoul,6,2,2,10,144.9124,1,3,1,3,156.12358,1,0,1288
431,DNW_HelleN,6,4,0,8,361.37427,1,4,3,5,110.24658,0,0,1288
432,GnG_KarNa,12,0,0,3,26.4,0,3,0,0,0.0,0,0,974
433,GnG_Hwarang,12,1,0,4,148.84,0,1,0,0,0.0,0,0,972
434,GnG_ZeniTh,12,1,0,5,178.77408,0,1,1,1,92.72847,0,0,1091
435,GnG_Salvia,12,0,0,3,29.052366,0,0,0,0,0.0,0,0,978
436,GGP_ReVe,5,4,0,7,683.4602,0,4,2,3,27.380112,0,0,1332
437,GGP_Crux,5,0,2,3,83.98744,0,1,0,0,0.0,1,0,1010
438,GGP_MinuDa,5,1,1,4,311.5572,0,2,1,2,74.97433,0,0,1332
439,GGP_SunLight,5,2,0,2,114.2,2,1,1,2,21.568113,1,0,1331
440,GNL_HAMMER,10,1,0,1,124.0,0,4,0,0,0.0,0,0,1139
441,GNL_Tosi,10,0,0,0,75.74519,0,0,0,0,0.0,0,0,619
442,GNL_TaekGyun,10,1,1,3,377.95197,0,1,0,0,0.0,0,0,1139
443,GNL_ROY,10,0,0,1,0.0,0,0,0,0,0.0,0,0,616
444,ATA_Hwan2da,11,0,0,0,0.0,0,0,0,0,0.0,0,0,1109
445,ATA_NEFiEX,11,0,0,6,131.17694,0,0,0,0,0.0,0,0,1088
446,ATA_WICK2D,11,1,0,4,236.63937,0,1,1,1,18.97612,0,0,1048
447,ATA_Ahcay,11,0,0,2,0.0,0,0,0,0,0.0,1,0,1047
448,NON_Jungsae,6,0,0,11,126.1295,0,4,1,1,10.088562,0,0,1330
449,NON_Daylight,6,1,0,5,25.505503,0,9,1,1,36.586624,0,0,1211
450,NON_Bumper,6,0,0,6,91.176605,0,15,0,0,0.0,1,0,1175
451,NON_Dokdo,6,0,0,6,47.584488,0,5,0,0,0.0,0,0,1170
452,V7_2star,14,0,0,0,0.0,0,0,0,0,0.0,0,0,308
453,V7_Puding,14,0,0,2,0.0,1,5,1,1,234.39096,0,0,903
454,V7_JangGu,14,0,0,3,0.0,0,1,0,0,0.0,0,0,910
455,V7_LeaF,14,1,0,1,174.13275,0,0,0,0,0.0,0,0,881
456,MG_Gak,7,1,1,6,272.55878,0,13,1,2,56.83811,1,0,1205
457,MG_yacha,7,6,2,6,498.57062,1,15,2,5,213.1976,0,0,1184
458,MG_Dlaks,7,1,0,6,331.37463,1,12,1,1,38.978718,0,0,1188
459,MG_SeungYong,7,0,0,0,0.0,0,0,0,0,0.0,0,0,609
460,SSU_Akyeon,13,1,0,2,100.0,1,0,1,1,25.067617,0,0,945
461,SSU_NBP,13,1,0,2,100.0,0,2,1,1,59.68007,0,0,945
462,SSU_Mylifekill,13,1,0,2,88.0,0,1,0,0,0.0,0,0,945
463,SSU_Refund,13,0,0,2,0.0,0,0,0,0,0.0,0,0,945
464,GBL_Heaven,10,1,1,3,218.0146,0,0,0,0,0.0,0,0,1063
465,GBL_Lambu,10,1,0,2,41.729694,0,0,1,2,446.65662,0,0,1061
466,GBL_Gyumin,10,2,2,1,113.76183,0,1,0,0,0.0,1,0,1063
467,GBL_Adder,10,0,0,0,0.0,0,0,0,0,0.0,0,0,1063
468,GNL_HAMMER,9,0,0,5,199.427,0,2,0,0,0.0,0,0,1150
469,GNL_ROY,9,1,1,1,357.43298,1,3,1,2,173.81471,0,0,1160
470,GNL_TaekGyun,9,0,1,3,129.42923,0,2,0,0,0.0,0,0,1151
471,GNL_Tosi,9,2,1,3,284.34622,0,3,1,1,4.712566,1,0,1160
472,KDF_LashK,3,4,1,5,348.7947,0,1,1,2,61.021027,0,0,1638
473,KDF_Akad,3,2,0,5,507.67014,0,3,2,3,140.42488,2,0,1638
474,KDF_Hikari,3,1,1,4,609.6773,1,5,1,1,78.82559,1,0,1637
475,KDF_EEND,3,0,0,4,120.455315,0,4,0,0,0.0,1,0,1567
476,ATA_Ahcay,2,1,1,3,175.35999,0,8,0,0,0.0,0,0,1501
477,ATA_NEFiEX,2,1,0,8,197.19536,2,3,1,2,57.728954,0,0,1513
478,ATA_WICK2D,2,4,0,5,262.77527,1,4,3,4,88.057655,1,0,1701
479,ATA_Hwan2da,2,0,0,7,107.40097,0,2,0,0,0.0,0,0,1480
480,EOS_Da-min,16,0,0,1,48.48755,0,1,0,0,0.0,0,0,664
481,EOS_DozeL,16,1,0,0,120.72415,0,0,0,0,0.0,0,0,480
482,EOS_ParkChaN,16,0,0,4,122.239075,0,1,0,0,0.0,0,0,844
483,EOS_KimKaXhaxx,16,0,0,2,58.99626,0,2,0,0,0.0,0,0,680
484,GEN_Spear,15,0,0,3,0.0,0,0,0,0,0.0,0,0,862
485,GEN_Renba,15,0,0,1,0.0,0,0,0,0,0.0,0,0,831
486,GEN_Inonix,15,0,0,3,43.559998,0,3,0,0,0.0,0,0,831
487,GEN_Maczora,15,0,0,2,85.14,0,5,0,0,0.0,0,0,885
488,OPGG_Gyuyeon,4,0,1,7,61.588795,0,0,0,0,0.0,0,0,1544
489,OPGG_HowL,4,2,1,6,255.60977,0,2,1,1,15.745691,0,0,1553
490,OPGG_GimJun,4,3,1,3,470.71405,0,4,1,1,51.4203,1,0,1586
491,OPGG_ZEARM,4,0,0,4,51.05123,0,3,0,0,0.0,0,0,1505
492,DK_Loki,12,1,0,2,100.0,0,4,0,0,0.0,0,0,969
493,DK_Makne,12,1,0,1,100.0,0,6,1,1,74.53332,1,0,730
494,DK_Under,12,0,0,0,0.0,0,0,0,0,0.0,0,0,636
495,DK_Menteul,12,0,0,0,54.243,0,0,0,0,0.0,0,0,630
496,GnG_Salvia,11,0,0,4,125.39351,0,2,0,0,0.0,0,0,985
497,GnG_KarNa,11,0,0,0,0.0,0,0,0,0,0.0,0,0,472
498,GnG_Hwarang,11,1,0,0,174.70715,0,0,0,0,0.0,0,0,479
499,GnG_ZeniTh,11,1,0,0,92.13286,0,0,0,0,0.0,0,0,501
500,GGP_Crux,1,1,1,6,302.13525,0,2,1,3,233.94586,1,0,1701
501,GGP_MinuDa,1,1,2,8,446.89725,1,4,1,2,139.0628,0,0,1701
502,GGP_ReVe,1,1,0,9,481.75793,1,1,1,3,120.33059,1,0,1701
503,GGP_SunLight,1,3,1,8,316.5918,0,7,1,3,52.427235,1,0,1701
504,emT_DAEVA,5,3,1,4,510.09534,0,7,1,2,183.79913,3,0,1552
505,emT_Stella,5,0,0,2,193.8331,0,6,0,0,0.0,0,0,1559
506,emT_JeffLocka,5,2,0,1,147.11899,1,1,1,1,34.971886,1,0,1559
507,emT_Sparrow,5,2,0,3,619.44385,0,5,1,1,137.45331,0,0,1515
508,DNW_HelleN,8,0,1,2,117.34404,0,1,1,1,55.71739,1,0,1004
509,DNW_Salute,8,1,2,2,282.86044,0,4,1,1,35.676872,0,0,1165
510,DNW_Rex,8,3,0,5,299.27087,1,1,2,3,362.7762,0,0,1110
511,DNW_seoul,8,6,2,3,688.5927,1,1,2,5,70.47618,2,0,1165
512,GGP_ReVe,3,1,1,6,123.52091,1,6,1,1,35.236492,1,0,1742
513,GGP_Crux,3,0,1,5,107.68227,0,1,0,0,0.0,0,0,1742
514,GGP_SunLight,3,2,0,7,441.11145,1,8,2,2,33.70697,1,0,1742
515,GGP_MinuDa,3,0,1,0,129.46344,0,1,0,0,0.0,0,0,1618
516,SSU_Mylifekill,15,0,1,1,62.039997,0,1,0,0,0.0,0,0,406
517,SSU_Refund,15,0,0,1,46.076366,0,1,0,0,0.0,0,0,404
518,SSU_Akyeon,15,2,0,0,250.82,0,1,1,2,5.651636,0,0,413
519,SSU_NBP,15,2,0,2,239.52725,0,0,1,2,75.306305,0,0,433
520,NON_Daylight,10,0,0,3,138.27588,0,1,1,1,5.8924994,1,0,990
521,NON_Jungsae,10,2,0,8,172.83658,1,6,2,2,31.572454,0,0,1123
522,NON_Dokdo,10,2,1,4,244.82951,0,3,1,1,16.67737,0,0,1111
523,NON_Bumper,10,0,0,1,0.0,0,0,0,0,0.0,0,0,1121
524,emT_JeffLocka,11,4,0,1,292.07788,1,0,2,4,96.6198,0,0,1006
525,emT_Sparrow,11,0,2,0,53.860588,0,2,0,0,0.0,0,0,1013
526,emT_DAEVA,11,0,0,0,91.649994,0,0,0,0,0.0,1,0,1013
527,emT_Stella,11,1,0,1,202.11905,0,0,1,1,19.624306,0,0,1012
528,GnG_Salvia,16,0,0,2,39.69,0,0,0,0,0.0,0,0,387
529,GnG_yyoni,16,1,0,2,82.18,0,4,0,0,0.0,0,0,387
530,GnG_Hwarang,16,0,0,2,0.0,0,0,0,0,0.0,0,0,387
531,GnG_ZeniTh,16,0,0,2,123.31349,0,0,0,0,0.0,0,0,369
532,GNL_ROY,9,0,0,4,178.01064,0,1,0,0,0.0,1,0,1250
533,GNL_TaekGyun,9,2,1,7,323.1812,0,2,1,1,135.9545,0,0,1250
534,GNL_Tosi,9,1,1,4,60.793533,0,2,0,0,0.0,0,0,1121
535,GNL_HAMMER,9,0,1,1,92.34724,0,0,0,0,0.0,0,0,1016
536,DNW_Rex,8,1,1,4,302.3971,1,1,1,3,299.6966,1,0,1449
537,DNW_HelleN,8,2,1,5,486.8319,1,5,1,1,99.44095,0,0,1449
538,DNW_Salute,8,3,1,4,283.1474,1,8,1,2,302.2694,0,1,1434
539,DNW_seoul,8,0,1,4,60.574493,0,1,0,0,0.0,0,0,1368
540,GEN_Renba,5,2,0,3,184.18803,0,1,1,1,108.26809,0,0,1578
541,GEN_Spear,5,0,2,6,158.35638,0,1,0,0,0.0,0,0,1578
542,GEN_Inonix,5,1,1,3,465.04156,0,2,1,1,291.7694,0,0,1578
543,GEN_Maczora,5,0,0,2,98.87275,0,1,0,0,0.0,1,0,1578
544,ATA_Ahcay,14,0,0,0,11.612925,0,0,0,0,0.0,0,0,360
545,ATA_WICK2D,14,2,0,3,241.84554,0,2,2,2,9.883018,0,0,492
546,ATA_Hwan2da,14,0,0,0,143.23367,0,0,0,0,0.0,0,0,446
547,ATA_NEFiEX,14,0,0,1,24.42825,0,0,0,0,0.0,0,0,375
548,MG_yacha,2,2,1,7,949.1997,0,2,2,6,295.11984,1,0,1769
549,MG_Gak,2,5,2,11,578.42474,0,6,3,3,56.54644,2,0,1791
550,MG_Dlaks,2,1,0,11,247.10484,0,4,2,3,211.77176,1,0,1791
551,MG_SeungYong,2,0,0,0,107.6489,0,0,0,0,0.0,0,0,1009
552,EOS_DozeL,4,0,0,0,0.0,0,0,0,0,0.0,0,0,411
553,EOS_KimKaXhaxx,4,2,0,7,267.2067,1,3,1,2,72.799355,0,0,1597
554,EOS_ParkChaN,4,2,0,9,173.18991,1,7,1,2,81.62783,0,0,1529
555,EOS_Da-min,4,0,1,7,406.57904,0,1,1,1,7.9335656,0,0,1465
556,V7_LeaF,7,0,0,4,30.85149,0,2,0,0,0.0,1,0,1474
557,V7_JangGu,7,2,1,4,229.32803,0,0,0,0,0.0,0,0,1474
558,V7_2star,7,0,0,0,54.831013,0,0,0,0,0.0,0,0,106
559,V7_Puding,7,1,0,6,136.0,0,3,0,0,0.0,0,0,1474
560,DK_Makne,6,0,0,0,0.0,0,0,0,0,0.0,0,0,658
561,DK_Loki,6,0,0,0,0.0,0,0,0,0,0.0,0,0,731
562,DK_Under,6,0,0,3,250.0594,0,1,0,0,0.0,1,0,1488
563,DK_Menteul,6,0,0,1,0.0,0,0,0,0,0.0,0,0,950
564,KDF_EEND,1,2,1,5,345.6522,0,4,1,3,42.8659,0,0,1791
565,KDF_Akad,1,4,0,3,531.42395,3,3,2,5,265.8106,1,0,1594
566,KDF_Hikari,1,3,1,4,490.39667,1,1,2,4,92.43972,1,0,1791
567,KDF_LashK,1,3,1,8,548.2044,0,1,1,3,58.872963,0,0,1791
568,OPGG_HowL,13,1,0,1,100.0,0,4,1,1,16.231627,0,0,692
569,OPGG_ZEARM,13,0,0,0,84.600006,0,0,0,0,0.0,0,0,692
570,OPGG_Gyuyeon,13,1,0,3,154.12,0,0,0,0,0.0,0,0,692
571,OPGG_GimJun,13,0,0,0,21.6,0,0,0,0,0.0,0,0,692
572,GBL_Gyumin,12,0,0,2,131.89381,0,1,1,1,219.55861,0,0,982
573,GBL_Adder,12,1,0,3,33.92404,0,0,0,0,0.0,0,0,960
574,GBL_Lambu,12,0,0,3,38.5223,0,2,0,0,0.0,0,0,981
575,GBL_Heaven,12,0,0,2,0.0,0,3,0,0,0.0,0,0,976
576,DK_Makne,7,2,1,2,103.06149,0,1,1,1,41.191513,0,0,1320
577,DK_Loki,7,1,1,3,131.02,1,1,1,1,21.071838,0,0,1271
578,DK_Under,7,1,3,1,219.7822,0,0,0,0,0.0,0,0,1320
579,DK_Menteul,7,2,1,1,139.41473,0,3,1,1,74.52214,0,0,1320
580,GEN_Inonix,1,2,2,4,690.0741,0,3,1,2,58.474068,0,0,1740
581,GEN_Spear,1,1,3,2,373.4688,0,0,2,3,217.95447,0,0,1482
582,GEN_Maczora,1,3,0,2,385.71692,0,0,3,5,60.70824,0,0,1276
583,GEN_Renba,1,2,2,4,478.15692,2,1,1,3,220.02057,0,0,1405
584,SSU_Refund,8,0,0,3,243.6694,0,3,0,0,0.0,0,0,1318
585,SSU_NBP,8,1,0,2,140.65488,0,1,1,1,5.8977013,0,0,1111
586,SSU_Mylifekill,8,1,0,2,98.0,1,5,1,1,16.064766,2,0,1314
587,SSU_Akyeon,8,0,0,6,78.73474,0,9,0,0,0.0,0,0,1314
588,GNL_HAMMER,16,0,0,1,62.344093,0,1,0,0,0.0,0,0,516
589,GNL_ROY,16,0,0,0,0.0,0,0,0,0,0.0,0,0,504
590,GNL_TaekGyun,16,0,0,0,0.0,0,0,0,0,0.0,0,0,474
591,GNL_Tosi,16,0,0,0,50.16,0,0,0,0,0.0,0,0,430
592,V7_Puding,14,1,0,0,150.68608,0,0,1,1,46.261,0,0,843
593,V7_2star,14,0,0,0,0.0,0,0,1,1,318.81387,0,0,843
594,V7_LeaF,14,1,0,3,145.45067,0,1,0,0,0.0,0,0,843
595,V7_JangGu,14,0,0,1,46.53,0,0,0,0,0.0,0,0,843
596,EOS_KimKaXhaxx,2,0,1,3,26.345583,0,0,0,0,0.0,0,0,704
597,EOS_Da-min,2,1,1,7,254.04358,0,4,1,1,13.300113,0,0,1740
598,EOS_DozeL,2,0,0,0,0.0,0,0,0,0,0.0,0,0,113
599,EOS_ParkChaN,2,1,0,5,232.608,0,1,1,1,17.867878,0,0,1153
600,OPGG_HowL,11,1,0,5,90.760544,0,9,2,2,264.56064,1,0,1074
601,OPGG_GimJun,11,0,3,5,190.80194,0,12,0,0,0.0,1,0,1074
602,OPGG_ZEARM,11,0,0,5,23.823812,0,16,0,0,0.0,0,0,1063
603,OPGG_Gyuyeon,11,3,0,3,133.10918,2,7,2,3,63.09982,0,0,1013
604,ATA_Hwan2da,9,2,0,2,242.65001,0,0,1,1,70.09862,0,0,1038
605,ATA_WICK2D,9,1,0,3,171.95338,0,1,1,1,9.359979,0,0,1005
606,ATA_Ahcay,9,1,0,5,88.17555,0,6,1,1,26.598793,0,0,1252
607,ATA_NEFiEX,9,0,0,0,43.559998,0,0,0,0,0.0,0,0,1007
608,DNW_Rex,10,1,1,7,26.24911,0,7,0,0,0.0,0,1,1152
609,DNW_HelleN,10,0,1,4,94.24085,0,6,0,0,0.0,0,0,1152
610,DNW_seoul,10,1,0,3,160.66135,0,4,1,1,7.9137783,0,0,1152
611,DNW_Salute,10,0,0,4,0.0,0,3,0,0,0.0,0,0,1152
612,GGP_MinuDa,15,0,0,5,0.0,0,4,0,0,0.0,0,0,826
613,GGP_ReVe,15,0,0,3,0.0,0,8,0,0,0.0,0,0,782
614,GGP_SunLight,15,0,0,5,0.0,0,1,0,0,0.0,0,0,785
615,GGP_Crux,15,0,0,4,59.0474,0,10,0,0,0.0,0,0,827
616,GnG_Hwarang,3,6,1,9,763.2784,0,10,3,7,101.45985,0,0,1518
617,GnG_ZeniTh,3,0,0,4,82.799995,0,12,0,0,0.0,0,0,937
618,GnG_Salvia,3,0,1,4,26.4,0,6,0,0,0.0,0,0,937
619,GnG_yyoni,3,1,1,5,218.56,0,8,3,3,9.840262,1,0,1138
620,GBL_Heaven,4,1,2,3,217.8426,0,0,0,0,0.0,0,0,816
621,GBL_Adder,4,5,0,5,408.3286,2,3,2,6,88.4473,2,0,1360
622,GBL_Lambu,4,3,2,6,475.63196,2,1,2,5,126.895294,0,0,1367
623,GBL_Gyumin,4,2,1,7,332.15863,0,6,1,2,31.73256,0,0,1315
624,KDF_LashK,6,1,2,1,81.405334,0,1,1,1,20.994802,2,0,1335
625,KDF_Hikari,6,1,0,4,173.3298,0,2,0,0,0.0,0,0,1323
626,KDF_EEND,6,2,0,1,150.97116,0,1,1,2,36.43113,0,0,1321
627,KDF_Akad,6,1,0,2,272.4972,0,1,1,1,21.72999,0,0,1317
628,emT_Sparrow,5,1,0,4,163.56683,0,1,1,1,72.321785,1,0,1356
629,emT_DAEVA,5,0,0,0,0.0,0,0,0,0,0.0,0,0,689
630,emT_JeffLocka,5,0,1,0,84.095215,0,0,0,0,0.0,0,0,697
631,emT_Stella,5,0,0,4,190.74493,1,6,1,1,303.2423,0,0,1289
632,NON_Daylight,13,0,0,1,0.0,0,0,0,0,0.0,0,0,869
633,NON_Dokdo,13,0,0,0,0.0,0,0,0,0,0.0,0,0,793
634,NON_Bumper,13,0,0,0,68.4,0,0,0,0,0.0,0,0,869
635,NON_Jungsae,13,0,0,2,0.0,0,0,0,0,0.0,0,0,869
636,MG_Dlaks,12,0,2,1,133.6943,0,0,0,0,0.0,0,1,1056
637,MG_SeungYong,12,1,1,2,88.887344,0,1,1,1,9.66712,0,0,978
638,MG_Gak,12,2,0,0,1.6000004,0,0,1,1,6.9513397,0,1,1062
639,MG_yacha,12,1,1,1,156.7,0,2,0,0,0.0,0,0,1062
