,player_id,team_rank,dbnos,assists,boosts,damage_dealt,headshot_kills,heals,kill_points,kill_points_delta,kill_streaks,kills,last_kill_points,last_win_points,longest_kill,most_damage,revives,team_kills,time_survived,win_points,win_points_delta
0,ESPObserver04,4,0,0,0,0.0,0,0,1000,0,0,0,0,0,0.0,0,0,0,130.609,1500,0
1,ESPObserver02,3,0,0,0,100.0,0,0,1000,0,1,1,0,0,0.932095647,0,0,0,143.063,1500,0
2,ESPObserver08,5,0,0,0,23.3324661,0,0,1000,0,0,0,0,0,0.0,0,0,0,110.942,1500,0
3,ESPObserver07,2,0,0,0,193.52,0,1,1000,0,2,2,0,0,9.501566,0,0,0,190.248,1500,0
4,ESPObserver01,1,0,0,0,275.0,1,0,1000,0,2,3,0,0,29.303299,0,0,0,190.264,1500,0
5,ESPObserver03,7,0,0,0,0.0,0,0,1000,0,0,0,0,0,0.0,0,0,0,85.901,1500,0
6,Kevinario,6,0,0,0,79.2908,0,0,1000,0,0,0,0,0,0.0,0,0,0,104.096,1500,0
7,Kevinario,1,0,0,0,0.0,0,0,1000,0,0,0,0,0,0.0,0,0,0,102.073,1500,0
8,ESPObserver08,1,0,0,0,0.0,0,0,1000,0,0,0,0,0,0.0,0,0,0,102.073,1500,0
9,es_NA-PPC_2,1,0,0,0,99.99999,0,0,1000,0,1,1,0,0,0.800304055,0,0,0,102.073,1500,0
10,ESPObserver01,1,0,0,0,0.0,0,0,1000,0,0,0,0,0,0.0,0,0,0,102.073,1500,0
11,ESPObserver02,2,0,0,0,0.0,0,0,1000,0,0,0,0,0,0.0,0,0,0,102.055,1500,0
12,skyline_,1,0,0,0,0.0,0,0,1000,0,0,0,0,0,0.0,0,0,0,168.642,1500,0
13,ESPObserver01,2,0,0,0,0.0,0,0,1000,0,0,0,0,0,0.0,0,0,0,168.61,1500,0
14,ESPObserver04,1,1,0,1,99.99999,0,0,1000,0,1,1,0,0,7.73546743,0,0,0,501.658,1500,0
15,ESPObserver07,1,2,0,2,275.0,1,2,1000,0,1,2,0,0,55.0601463,0,1,0,501.658,1500,0
16,ESPObserver05,1,1,0,1,100.0,1,0,1000,0,1,1,0,0,31.3930759,0,0,0,501.658,1500,0
17,ESPObserver03,2,0,0,0,158.67,0,1,1000,0,0,0,0,0,0.0,0,0,0,475.02,1500,0
18,ESPObserver01,2,1,0,0,136.28,0,0,1000,0,0,0,0,0,0.0,0,0,0,501.641,1500,0
19,ESPObserver02,2,1,0,0,100.0,0,0,1000,0,0,0,0,0,0.0,0,1,0,501.643,1500,0
20,Kevinario,2,0,0,0,0.0,0,0,1000,0,0,0,0,0,0.0,0,0,0,501.644,1500,0
21,ESPObserver04,1,1,0,1,215.686234,1,0,1000,0,2,2,0,0,3.04665375,0,0,0,1579.511,1500,0
22,ESPObserver05,1,1,0,4,159.596039,1,2,1000,0,1,1,0,0,0.867426634,0,0,0,1579.511,1500,0
23,ESPObserver07,1,1,0,4,91.8161,0,2,1000,0,1,1,0,0,2.68308949,0,0,0,1579.511,1500,0
24,Auzom_Paddi,1,4,0,3,535.5058,0,9,1000,0,0,0,0,0,0.0,0,0,0,1579.511,1500,0
25,ESPObserver02,2,0,0,1,34.56,0,10,1000,0,0,0,0,0,0.0,0,1,0,1579.494,1500,0
26,ESPObserver03,2,0,0,2,78.8618851,0,3,1000,0,0,0,0,0,0.0,0,1,0,1577.689,1500,0
27,Kevinario,2,0,0,0,0.0,0,0,1000,0,0,0,0,0,0.0,0,0,0,133.766,1500,0
28,ESPObserver01,2,0,0,3,327.274719,0,1,1000,0,0,0,0,0,0.0,0,1,0,1579.496,1500,0
29,es_NA-PPC_2,1,0,0,0,0.0,0,0,1000,0,0,0,0,0,0.0,0,0,0,3312.544,1500,0
30,ESPObserver07,2,0,0,0,0.0,0,0,1000,0,0,0,0,0,0.0,0,0,0,3312.513,1500,0
31,C9__Reum,12,0,0,0,0.0,0,0,1000,0,0,0,0,0,0.0,0,0,0,185.391,1500,0
32,C9__Stab,12,1,0,0,100.0,0,0,1000,0,0,0,0,0,0.0,0,0,1,1227.599,1500,0
33,C9__Frolicer,12,1,0,0,100.0,0,0,1000,0,0,0,0,0,0.0,0,0,1,2090.777,1500,0
34,C9__Moody,12,0,0,0,18.8386135,0,0,1000,0,0,0,0,0,0.0,0,0,0,2090.779,1500,0
35,OG__Valliate,6,0,0,0,0.0,0,0,1000,0,0,0,0,0,0.0,0,0,0,3425.93,1500,0
36,OG__Bahawaka,6,0,0,0,0.0,0,0,1000,0,0,0,0,0,0.0,0,0,0,3608.069,1500,0
37,OG__Hetror,6,0,0,0,0.0,0,0,1000,0,0,0,0,0,0.0,0,0,0,3089.381,1500,0
38,OG__hypoc,6,1,0,0,200.0,0,0,1000,0,0,0,0,0,0.0,0,0,2,3610.073,1500,0
39,TG__MORTIFY,10,0,0,0,0.0,0,0,1000,0,0,0,0,0,0.0,0,0,0,404.336,1500,0
40,TG__Mossy,10,0,0,0,0.0,0,0,1000,0,0,0,0,0,0.0,0,0,0,2195.566,1500,0
41,TG__Cillo,10,0,0,0,0.0,0,0,1000,0,0,0,0,0,0.0,0,0,0,2364.451,1500,0
42,TG__Exko,10,0,0,0,0.0,0,0,1000,0,0,0,0,0,0.0,0,0,0,180.128,1500,0
43,Method__RAPHYYY,9,0,0,0,0.0,0,0,1000,0,0,0,0,0,0.0,0,0,0,1194.165,1500,0
44,Method__MOLNMAN,9,0,0,0,0.0,0,0,1000,0,0,0,0,0,0.0,0,0,0,2727.26,1500,0
45,Method__Aitzy,9,0,0,0,49.02,0,1,1000,0,0,0,0,0,0.0,0,0,0,1514.066,1500,0
46,Method__AndyPyro,9,1,0,1,247.536484,1,1,1000,0,1,1,0,0,17.3471146,0,0,0,2149.466,1500,0
47,TT__PurdyKurty,11,1,0,0,200.0,1,0,1000,0,1,1,0,0,0.800631166,0,0,1,2244.691,1500,0
48,TT__Interrogate,11,0,0,0,0.0,0,0,1000,0,0,0,0,0,0.0,0,0,0,191.311,1500,0
49,TT__Smithy,11,0,0,0,0.0,0,0,1000,0,0,0,0,0,0.0,0,0,0,178.928,1500,0
50,TT__LosHD,11,0,0,0,0.0,0,0,1000,0,0,0,0,0,0.0,0,0,0,196.028,1500,0
51,A__veazyy,3,0,0,0,100.0,0,0,1000,0,0,0,0,0,0.0,0,0,1,3766.704,1500,0
52,A__Realzx,3,0,0,0,9.45539951,0,0,1000,0,0,0,0,0,0.0,0,0,0,3803.169,1500,0
53,A__Teabone,3,0,0,0,0.0,0,0,1000,0,0,0,0,0,0.0,0,0,0,3803.172,1500,0
54,A__Ciggzy,3,0,0,0,11.3868456,0,0,1000,0,0,0,0,0,0.0,0,0,0,2719.291,1500,0
55,DIG__Uncivil,4,2,0,0,207.682571,0,0,1000,0,0,0,0,0,0.0,0,0,2,967.217,1500,0
56,DIG__Wookie,4,0,0,0,0.0,0,0,1000,0,0,0,0,0,0.0,0,0,0,937.794,1500,0
57,DIG__Caint,4,0,0,0,0.0,0,0,1000,0,0,0,0,0,0.0,0,0,0,3792.521,1500,0
58,DIG__Adam,4,0,0,0,0.0,0,0,1000,0,0,0,0,0,0.0,0,0,0,889.78,1500,0
59,SSG__Hwinn,7,1,0,1,100.0,0,1,1000,0,0,0,0,0,0.0,0,0,1,823.674,1500,0
60,SSG__Vexyl,7,4,0,4,628.8213,4,4,1000,0,1,5,0,0,16.25642,0,0,0,3301.822,1500,0
61,SSG__DmasteR,7,0,0,0,0.0,0,0,1000,0,0,0,0,0,0.0,0,0,0,464.874,1500,0
62,SSG__SMURF10Fs,7,0,0,0,0.0,0,0,1000,0,0,0,0,0,0.0,0,0,0,728.632,1500,0
63,TS__YaBoiDre,8,0,0,0,32.8138275,0,0,1000,0,0,0,0,0,0.0,0,0,0,2923.475,1500,0
64,TS__Meluke,8,0,0,0,15.1119871,0,0,1000,0,0,0,0,0,0.0,0,0,0,2923.477,1500,0
65,TS__Zanpah,8,0,0,0,15.1119871,0,0,1000,0,0,0,0,0,0.0,0,0,0,2923.654,1500,0
66,TS__Sharpshot,8,1,0,0,232.813828,0,0,1000,0,1,1,0,0,6.76716137,0,0,3,2923.471,1500,0
67,nV__CAD3N,14,0,0,0,0.0,0,0,1000,0,0,0,0,0,0.0,0,0,0,194.179,1500,0
68,nV__Czechshooter,14,0,0,0,0.0,0,0,1000,0,0,0,0,0,0.0,0,0,0,1191.15,1500,0
69,nV__Venerated,14,0,0,0,0.0,0,0,1000,0,0,0,0,0,0.0,0,0,0,1897.79,1500,0
70,nV__Jesselol,14,0,0,0,0.0,0,0,1000,0,0,0,0,0,0.0,0,0,0,2083.414,1500,0
71,NRG__Nerf,16,0,0,0,10.3728933,0,0,1000,0,0,0,0,0,0.0,0,0,0,1863.28,1500,0
72,NRG__pentalol,16,0,0,0,0.0,0,0,1000,0,0,0,0,0,0.0,0,0,0,674.608,1500,0
73,Kevinario,16,2,0,1,266.4779,0,3,1000,0,1,2,0,0,111.111404,0,1,0,1859.896,1500,0
74,NRG__Kaymind,16,0,0,0,0.0,0,0,1000,0,0,0,0,0,0.0,0,0,0,1833.402,1500,0
75,FlyQ__Microstar,2,2,0,0,110.0,0,0,1000,0,0,0,0,0,0.0,0,0,2,3941.55,1500,0
76,FlyQ__Poonage,2,0,0,0,0.0,0,0,1000,0,0,0,0,0,0.0,0,0,0,3613.658,1500,0
77,FlyQ__SteezyBB,2,0,0,0,66.7216,0,0,1000,0,0,0,0,0,0.0,0,1,1,3966.313,1500,0
78,FlyQ__Sharky,2,0,0,0,0.0,0,0,1000,0,0,0,0,0,0.0,0,0,0,3841.241,1500,0
79,FaZe__Haxete,15,0,0,0,0.0,0,0,1000,0,0,0,0,0,0.0,0,0,0,192.831,1500,0
80,FaZe__Fuzzface,15,0,0,0,0.0,0,0,1000,0,0,0,0,0,0.0,0,0,0,1941.931,1500,0
81,FaZe__Jembty,15,0,0,0,0.0,0,0,1000,0,0,0,0,0,0.0,0,0,0,187.945,1500,0
82,FaZe__mxey,15,0,0,0,0.0,0,0,1000,0,0,0,0,0,0.0,0,0,0,977.796,1500,0
83,Ghost__Turtle,5,0,0,3,153.73056,0,0,1000,0,0,0,0,0,0.0,0,0,1,3754.087,1500,0
84,Ghost__BALLOC,5,0,0,0,0.0,0,0,1000,0,0,0,0,0,0.0,0,0,0,180.783,1500,0
85,Ghost__Pr0phie,5,1,2,2,306.113678,2,1,1000,0,1,2,0,0,87.8296356,0,0,0,3008.717,1500,0
86,Ghost__Miccoy,5,3,0,2,317.899628,0,0,1000,0,1,3,0,0,6.41611862,0,0,0,1331.998,1500,0
87,KNIGHTS__Draedon,1,0,0,0,0.0,0,0,1000,0,0,0,0,0,0.0,0,0,0,3966.345,1500,0
88,KNIGHTS__Krama,1,0,0,0,0.0,0,0,1000,0,0,0,0,0,0.0,0,0,0,3966.345,1500,0
89,KNIGHTS__Voxsic,1,0,0,0,0.0,0,0,1000,0,0,0,0,0,0.0,0,0,0,3023.679,1500,0
90,KNIGHTS__TEXQS,1,1,0,0,100.0,0,0,1000,0,0,0,0,0,0.0,0,0,0,3966.345,1500,0
91,Vitality__shadow,13,0,0,0,0.0,0,0,1000,0,0,0,0,0,0.0,0,0,0,2085.7,1500,0
92,Vitality__mOnKey,13,0,0,0,0.0,0,0,1000,0,0,0,0,0,0.0,0,0,0,1019.835,1500,0
93,Vitality__Shiv,13,0,0,0,0.0,0,0,1000,0,0,0,0,0,0.0,0,0,0,2074.126,1500,0
94,Vitality__oraxe,13,0,0,0,0.0,0,0,1000,0,0,0,0,0,0.0,0,0,0,196.723,1500,0
95,nV__Jesselol,13,1,0,0,100.0,0,0,1000,0,0,0,0,0,0.0,0,2,0,645.624,1500,0
96,nV__Czechshooter,13,0,0,1,11.5600185,0,0,1000,0,0,0,0,0,0.0,0,0,0,637.629,1500,0
97,nV__Venerated,13,1,1,1,138.0,0,4,1000,0,0,0,0,0,0.0,0,0,0,662.567,1500,0
98,nV__CAD3N,13,1,0,1,100.0,0,0,1000,0,1,1,0,0,231.267761,0,0,0,635.924,1500,0
99,A__Ciggzy,7,0,0,2,167.691757,0,1,1000,0,0,0,0,0,0.0,0,0,0,1324.236,1500,0
100,A__veazyy,7,0,0,2,54.509903,0,4,1000,0,0,0,0,0,0.0,0,0,0,1324.234,1500,0
101,A__Realzx,7,0,0,0,30.8725471,0,0,1000,0,0,0,0,0,0.0,0,0,0,136.869,1500,0
102,A__Teabone,7,1,0,1,69.96693,0,1,1000,0,0,0,0,0,0.0,0,0,1,870.396,1500,0
103,Ghost__BALLOC,14,0,0,0,0.0,0,0,1000,0,0,0,0,0,0.0,0,0,0,261.318,1500,0
104,Ghost__Miccoy,14,1,0,2,204.866241,1,2,1000,0,1,1,0,0,3.44960761,0,0,0,505.218,1500,0
105,Ghost__Pr0phie,14,1,0,0,215.624985,0,0,1000,0,1,2,0,0,24.27279,0,0,0,564.266,1500,0
106,NRG_pentalol,15,0,1,1,83.59987,0,0,1000,0,1,1,0,0,25.1768188,0,0,0,399.842,1500,0
107,NRG_Kaymind,15,1,1,2,150.389114,1,1,1000,0,1,1,0,0,3.63078,0,0,0,361.971,1500,0
108,NRG_Nerf,15,0,0,0,0.0,0,0,1000,0,0,0,0,0,0.0,0,0,0,124.318,1500,0
109,NRG_Zhnark,15,2,1,2,337.8001,0,10,1000,0,1,2,0,0,19.13003,0,0,0,557.884,1500,0
110,DIG__Wookie,4,3,0,1,380.9975,2,1,1000,0,1,2,0,0,112.385109,0,0,0,1503.621,1500,0
111,DIG__Adam,4,1,2,1,484.889,0,0,1000,0,1,2,0,0,78.7637558,0,0,0,1994.033,1500,0
112,DIG__Caint,4,1,1,3,290.647766,0,1,1000,0,1,1,0,0,42.47792,0,0,0,1991.812,1500,0
113,DIG__Uncivil,4,0,1,3,17.5732212,0,5,1000,0,1,1,0,0,160.816666,0,0,0,1585.79,1500,0
114,Method__RAPHYYY,3,0,1,1,92.56533,1,1,1000,0,1,1,0,0,4.31490326,0,0,0,295.083,1500,0
115,Method__AndyPyro,3,3,1,2,362.669983,1,1,1000,0,1,3,0,0,77.5436554,0,0,0,779.994,1500,0
116,Method__Aitzy,3,1,0,1,100.0,1,1,1000,0,1,1,0,0,0.0,0,0,0,387.47,1500,0
117,Method__MOLNMAN,3,0,1,4,151.400009,0,8,1000,0,1,1,0,0,58.9558678,0,0,0,2008.48,1500,0
118,C9__Frolicer,10,0,0,0,58.8000031,0,0,1000,0,0,0,0,0,0.0,0,0,0,649.788,1500,0
119,C9__Reum,10,0,0,2,72.46648,0,0,1000,0,0,0,0,0,0.0,0,0,0,951.532,1500,0
120,C9__Moody,10,2,0,0,180.305,1,0,1000,0,1,2,0,0,4.709059,0,0,0,921.676,1500,0
121,C9__Stab,10,1,0,0,70.64955,0,0,1000,0,0,0,0,0,0.0,0,0,0,945.21,1500,0
122,TT__PurdyKurty,6,2,5,4,339.783783,0,5,1000,0,0,0,0,0,0.0,0,0,0,1607.376,1500,0
123,TT__Interrogate,6,2,1,3,194.665527,0,9,1000,0,1,1,0,0,6.33320761,0,1,0,1620.924,1500,0
124,TT__LosHD,6,1,0,5,163.594864,0,4,1000,0,0,0,0,0,0.0,0,0,0,1603.483,1500,0
125,TT__Smithy,6,2,0,1,197.24852,0,3,1000,0,1,2,0,0,15.75092,0,0,0,1620.922,1500,0
126,TS__Meluke,1,0,2,2,101.4675,0,0,1000,0,0,0,0,0,0.0,0,0,0,2054.15,1500,0
127,TS__Sharpshot,1,3,3,7,478.120941,0,1,1000,0,1,2,0,0,40.0325,0,1,0,2054.15,1500,0
128,TS__YaBoiDre,1,1,3,7,366.511749,0,5,1000,0,1,4,0,0,304.2474,0,0,0,2054.15,1500,0
129,TS__Zanpah,1,5,2,6,807.990356,2,7,1000,0,2,7,0,0,85.19946,0,1,0,2054.15,1500,0
130,TG_Exko,9,0,1,3,46.7324524,0,16,1000,0,0,0,0,0,0.0,0,0,0,1240.503,1500,0
131,TG_MORTIFY,9,0,0,0,0.0,0,0,1000,0,0,0,0,0,0.0,0,0,0,1240.856,1500,0
132,TG_Cillo,9,0,1,1,87.96827,0,0,1000,0,0,0,0,0,0.0,0,0,0,762.457,1500,0
133,FaZe__Jembty,16,0,0,0,67.4603348,0,0,1000,0,0,0,0,0,0.0,0,0,0,218.017,1500,0
134,FaZe__Haxete,16,0,0,0,0.0,0,0,1000,0,0,0,0,0,0.0,0,0,0,180.024,1500,0
135,FaZe__mxey,16,1,1,0,99.99999,0,0,1000,0,0,0,0,0,0.0,0,0,0,185.5,1500,0
136,KNIGHTS_Draedon,11,0,0,0,0.0,0,0,1000,0,0,0,0,0,0.0,0,0,0,887.906,1500,0
137,KNIGHTS_Krama,11,1,0,0,100.0,0,0,1000,0,1,1,0,0,15.5569773,0,0,0,671.937,1500,0
138,KNIGHTS_TEXQS,11,0,0,0,0.0,0,0,1000,0,0,0,0,0,0.0,0,0,0,144.673,1500,0
139,SSG__Vexyl,5,0,0,2,172.118134,0,1,1000,0,1,1,0,0,4.906749,0,0,0,1459.707,1500,0
140,SSG__DmasteR,5,0,1,3,116.539444,0,2,1000,0,1,2,0,0,65.15858,0,3,0,1853.275,1500,0
141,SSG__SMURF10Fs,5,1,0,1,150.320663,0,1,1000,0,1,1,0,0,47.5190125,0,0,0,1452.898,1500,0
142,SSG__Hwinn,5,0,0,5,244.41394,1,11,1000,0,1,2,0,0,115.425087,0,0,0,1837.796,1500,0
143,OpTic__Valliate,12,0,1,0,117.12886,0,1,1000,0,0,0,0,0,0.0,0,0,0,709.483,1500,0
144,OpTic__Hetror,12,0,0,0,0.0,0,0,1000,0,0,0,0,0,0.0,0,0,0,600.306,1500,0
145,OpTic__Bahawaka,12,1,0,0,105.494949,1,0,1000,0,1,1,0,0,35.7045,0,2,0,725.559,1500,0
146,OpTic__hypoc,12,5,0,3,406.079163,1,1,1000,0,3,3,0,0,16.1745872,0,0,0,725.556,1500,0
147,Vitality__Shiv,8,0,2,3,128.264343,0,7,1000,0,0,0,0,0,0.0,0,1,0,1281.56,1500,0
148,Vitality__oraxe,8,1,0,1,201.435013,0,1,1000,0,1,1,0,0,66.86954,0,0,0,1282.698,1500,0
149,Vitality__mOnKey,8,1,1,2,120.030205,0,1,1000,0,1,1,0,0,5.100528,0,0,0,1275.911,1500,0
150,Vitality__shadow,8,1,2,3,283.791351,0,0,1000,0,1,1,0,0,14.7189693,0,1,0,1281.029,1500,0
151,FlyQ__Microstar,2,1,1,3,43.5305061,1,0,1000,0,1,1,0,0,112.340729,0,0,0,2054.126,1500,0
152,FlyQ__Poonage,2,1,0,6,295.144135,0,5,1000,0,0,0,0,0,0.0,0,1,0,2024.755,1500,0
153,FlyQ__SteezyBB,2,0,1,4,310.723938,0,3,1000,0,0,0,0,0,0.0,0,0,0,2012.004,1500,0
154,FlyQ__Sharky,2,0,0,0,0.0,0,0,1000,0,0,0,0,0,0.0,0,0,0,624.088,1500,0
155,Method__AndyPyro,16,0,0,0,25.8,0,1,1000,0,0,0,0,0,0.0,0,0,0,273.825,1500,0
156,Method__Aitzy,16,2,1,0,127.649994,0,0,1000,0,1,1,0,0,6.821643,0,0,0,273.828,1500,0
157,Method__MOLNMAN,16,0,0,0,0.0,0,0,1000,0,0,0,0,0,0.0,0,0,0,194.844,1500,0
158,Method__RAPHYYY,16,1,0,0,124.96,0,0,1000,0,0,0,0,0,0.0,0,0,0,222.461,1500,0
159,KNIGHTS__Voxsic,8,0,0,0,0.0,0,0,1000,0,0,0,0,0,0.0,0,0,0,306.846,1500,0
160,KNIGHTS__Draedon,8,0,1,0,93.6974945,0,0,1000,0,0,0,0,0,0.0,0,0,0,682.029,1500,0
161,KNIGHTS__Krama,8,1,0,1,236.621292,1,4,1000,0,1,2,0,0,26.8662434,0,0,0,851.615,1500,0
162,KNIGHTS__TEXQS,8,2,0,1,190.372253,1,1,1000,0,1,2,0,0,60.1794243,0,0,0,519.581,1500,0
163,TT__Interrogate,13,1,0,0,110.842545,0,0,1000,0,1,1,0,0,0.80930984,0,0,0,667.684,1500,0
164,TT__Smithy,13,1,0,0,61.7917023,1,1,1000,0,1,1,0,0,27.0032959,0,0,0,698.056,1500,0
165,TT__LosHD,13,0,1,1,42.4923172,0,0,1000,0,0,0,0,0,0.0,0,0,0,645.937,1500,0
166,TT__PurdyKurty,13,0,0,0,0.0,0,0,1000,0,0,0,0,0,0.0,0,0,0,304.124,1500,0
167,SSG__Vexyl,15,0,1,0,49.6112328,0,0,1000,0,0,0,0,0,0.0,0,1,0,399.276,1500,0
168,SSG__SMURF10Fs,15,1,0,0,104.70163,1,4,1000,0,1,1,0,0,4.74241,0,1,0,402.887,1500,0
169,SSG__Hwinn,15,0,0,2,92.52837,0,5,1000,0,0,0,0,0,0.0,0,0,0,402.468,1500,0
170,SSG__DmasteR,15,1,0,1,134.4321,0,1,1000,0,0,0,0,0,0.0,0,0,0,402.466,1500,0
171,FlyQ__Sharky,11,1,4,2,408.201233,0,0,1000,0,1,1,0,0,13.7820253,0,1,0,716.937,1500,0
172,FlyQ__SteezyBB,11,0,0,2,0.0,0,5,1000,0,0,0,0,0,0.0,0,0,0,756.1,1500,0
173,FlyQ__Microstar,11,1,0,0,30.3149967,1,5,1000,0,1,1,0,0,6.84157,0,0,0,790.724,1500,0
174,FlyQ__Poonage,11,3,3,1,263.876068,1,4,1000,0,2,4,0,0,109.193008,0,0,0,747.045,1500,0
175,OpTic__Hetror,6,0,1,1,81.66224,0,3,1000,0,0,0,0,0,0.0,0,0,0,622.105,1500,0
176,OpTic__Bahawaka,6,0,0,4,160.085968,0,2,1000,0,1,2,0,0,21.60369,0,0,0,878.076,1500,0
177,OpTic__hypoc,6,1,0,3,198.035126,0,1,1000,0,1,2,0,0,38.4759254,0,0,0,874.25,1500,0
178,OpTic__Valliate,6,1,0,3,91.22644,1,1,1000,0,1,2,0,0,265.954041,0,1,0,1095.346,1500,0
179,TG__Cillo,6,2,1,0,517.834839,0,0,1000,0,1,1,0,0,172.113464,0,0,0,954.929,1500,0
180,TG__Mossy,6,1,0,0,147.9774,0,0,1000,0,0,0,0,0,0.0,0,0,0,657.373,1500,0
181,TG__MORTIFY,6,0,0,2,0.0,0,1,1000,0,0,0,0,0,0.0,0,0,0,1114.859,1500,0
182,TG__Exko,6,0,0,1,56.2817764,0,0,1000,0,0,0,0,0,0.0,0,0,0,377.355,1500,0
183,Ghost__BALLOC,9,2,0,1,268.899933,0,1,1000,0,2,2,0,0,83.93241,0,0,0,822.553,1500,0
184,Ghost__Miccoy,9,1,0,0,100.0,0,1,1000,0,1,1,0,0,20.575285,0,0,0,768.266,1500,0
185,Ghost__Pr0phie,9,1,0,0,213.340057,0,0,1000,0,1,2,0,0,131.365814,0,0,0,822.555,1500,0
186,Ghost__Turtle,9,0,0,0,0.0,0,0,1000,0,0,0,0,0,0.0,0,0,0,800.775,1500,0
187,nV__CAD3N,3,4,1,0,602.3787,0,0,1000,0,2,2,0,0,24.5780563,0,0,0,1194.786,1500,0
188,nV__Czechshooter,3,0,0,0,0.0,0,0,1000,0,0,0,0,0,0.0,0,0,0,1065.378,1500,0
189,nV__Venerated,3,0,0,1,53.1133537,0,0,1000,0,1,1,0,0,143.153549,0,0,0,973.519,1500,0
190,nV__Jesselol,3,1,0,1,86.63974,1,0,1000,0,1,1,0,0,128.688919,0,0,0,1075.161,1500,0
191,DIG__Wookie,1,0,1,2,265.16803,1,4,1000,0,1,2,0,0,19.8194027,0,0,0,1219.529,1500,0
192,DIG__Adam,1,0,0,0,26.3124981,0,0,1000,0,0,0,0,0,0.0,0,0,0,1138.914,1500,0
193,DIG__Caint,1,0,4,1,204.900391,0,2,1000,0,1,1,0,0,24.6472454,0,1,0,1219.529,1500,0
194,DIG__Uncivil,1,2,0,2,183.049164,0,0,1000,0,1,2,0,0,11.8194189,0,0,0,1118.93,1500,0
195,FaZe__mxey,10,2,0,1,191.539841,0,1,1000,0,1,2,0,0,16.28235,0,0,0,750.345,1500,0
196,FaZe__Jembty,10,1,0,0,141.198608,0,0,1000,0,1,1,0,0,87.0524,0,0,0,502.024,1500,0
197,FaZe__Haxete,10,0,0,1,173.010864,0,7,1000,0,0,0,0,0,0.0,0,0,0,811.27,1500,0
198,FaZe__Fuzzface,10,0,0,1,9.627781,0,0,1000,0,0,0,0,0,0.0,0,0,0,375.937,1500,0
199,Vitality__mOnKey,12,0,0,0,22.05,0,0,1000,0,0,0,0,0,0.0,0,0,0,737.849,1500,0
200,Vitality__shadow,12,0,0,1,14.6003284,0,0,1000,0,0,0,0,0,0.0,0,0,0,741.97,1500,0
201,Vitality__Shiv,12,1,0,1,121.785233,0,0,1000,0,0,0,0,0,0.0,0,0,0,741.974,1500,0
202,Vitality__oraxe,12,0,0,2,35.2891464,0,0,1000,0,0,0,0,0,0.0,0,0,0,741.972,1500,0
203,C9__Moody,13,1,0,0,105.006836,0,0,1000,0,1,1,0,0,3.26251674,0,0,0,356.762,1500,0
204,C9__Frolicer,13,1,0,0,100.0,0,0,1000,0,1,1,0,0,42.49312,0,0,0,230.221,1500,0
205,C9__Reum,13,0,0,0,0.0,0,0,1000,0,0,0,0,0,0.0,0,0,0,873.884,1500,0
206,C9__Stab,13,0,2,0,77.83,0,0,1000,0,0,0,0,0,0.0,0,0,0,277.038,1500,0
207,NRG__Nerf,14,0,0,0,209.064713,1,0,1000,0,1,1,0,0,10.6371241,0,0,0,487.037,1500,0
208,NRG__pentalol,14,1,1,1,212.197266,1,0,1000,0,2,2,0,0,50.3009872,0,0,0,485.907,1500,0
209,NRG__Zhnark,14,3,0,1,282.552582,1,6,1000,0,3,3,0,0,21.8683376,0,1,0,475.309,1500,0
210,NRG__Kaymind,14,1,0,0,217.177414,0,6,1000,0,0,0,0,0,0.0,0,0,0,467.891,1500,0
211,A__Teabone,4,1,0,4,204.342545,0,5,1000,0,1,1,0,0,5.480582,0,0,0,1038.325,1500,0
212,A__Realzx,4,0,1,2,127.433929,0,5,1000,0,0,0,0,0,0.0,0,0,0,1161.335,1500,0
213,A__Ciggzy,4,2,0,3,285.75,0,4,1000,0,1,3,0,0,57.08158,0,0,0,1160.442,1500,0
214,A__veazyy,4,1,1,2,100.0,1,1,1000,0,1,1,0,0,50.8165741,0,0,0,1100.529,1500,0
215,TS__Sharpshot,2,4,0,2,331.2227,3,0,1000,0,1,4,0,0,65.8460159,0,0,0,1147.904,1500,0
216,TS__Zanpah,2,1,1,5,264.149963,0,4,1000,0,1,2,0,0,65.13674,0,0,0,1149.243,1500,0
217,TS__Meluke,2,0,1,0,0.0,0,0,1000,0,0,0,0,0,0.0,0,0,0,750.625,1500,0
218,TS__YaBoiDre,2,2,0,4,282.165955,0,6,1000,0,1,3,0,0,69.5492554,0,0,0,1219.508,1500,0
219,FlyQ__Poonage,9,0,0,0,0.0,0,0,1000,0,0,0,0,0,0.0,0,0,0,868.879,1500,0
220,FlyQ__Sharky,9,0,0,0,0.0,0,0,1000,0,0,0,0,0,0.0,0,0,0,868.88,1500,0
221,FlyQ__SteezyBB,9,0,0,0,0.0,0,0,1000,0,0,0,0,0,0.0,0,0,0,869.876,1500,0
222,FlyQ__Microstar,9,1,0,0,100.0,1,0,1000,0,1,1,0,0,0.803454638,0,0,0,868.882,1500,0
223,TG__Cillo,3,0,0,0,0.0,0,0,1000,0,0,0,0,0,0.0,0,0,0,415.066,1500,0
224,TG__MORTIFY,3,0,0,0,0.0,0,0,1000,0,0,0,0,0,0.0,0,0,0,310.761,1500,0
225,TG__Mossy,3,0,0,0,17.8626842,0,0,1000,0,0,0,0,0,0.0,0,0,0,1517.81,1500,0
226,TG__Exko,3,1,0,0,100.0,0,0,1000,0,1,1,0,0,27.535696,0,0,0,538.284,1500,0
227,C9__Reum,16,0,0,0,0.0,0,0,1000,0,0,0,0,0,0.0,0,0,0,552.153,1500,0
228,C9__Stab,16,0,0,0,0.0,0,0,1000,0,0,0,0,0,0.0,0,0,0,162.1,1500,0
229,C9__Frolicer,16,1,0,0,100.0,0,0,1000,0,1,1,0,0,41.9357147,0,0,0,763.891,1500,0
230,C9__Moody,16,0,0,0,0.0,0,0,1000,0,0,0,0,0,0.0,0,0,0,165.618,1500,0
231,TS__Sharpshot,5,0,0,0,0.0,0,0,1000,0,0,0,0,0,0.0,0,0,0,921.881,1500,0
232,TS__Zanpah,5,0,0,0,0.0,0,0,1000,0,0,0,0,0,0.0,0,0,0,392.607,1500,0
233,TS__Meluke,5,0,0,0,0.0,0,0,1000,0,0,0,0,0,0.0,0,0,0,1003.861,1500,0
234,TS__YaBoiDre,5,0,0,0,0.0,0,0,1000,0,1,1,0,0,5.739355,0,0,0,928.873,1500,0
235,KNIGHTS__Krama,7,0,0,0,0.0,0,0,1000,0,0,0,0,0,0.0,0,0,0,881.876,1500,0
236,,7,1,0,0,100.0,1,0,1000,0,1,1,0,0,0.808542848,0,0,0,881.877,1500,0
237,KNIGHTS__TEXQS,7,0,0,0,0.0,0,0,1000,0,0,0,0,0,0.0,0,0,0,881.878,1500,0
238,Method__AndyPyro,12,0,0,0,0.0,0,0,1000,0,0,0,0,0,0.0,0,0,0,864.876,1500,0
239,Method__MOLNMAN,12,0,0,0,0.0,0,0,1000,0,0,0,0,0,0.0,0,0,0,349.695,1500,0
240,Method__RAPHYYY,12,2,0,0,200.0,0,0,1000,0,1,1,0,0,6.064024,0,0,1,822.886,1500,0
241,Method__Aitzy,12,0,0,0,0.0,0,0,1000,0,0,0,0,0,0.0,0,0,0,813.233,1500,0
242,Ghost__Turtle,1,0,0,1,0.0,0,0,1000,0,0,0,0,0,0.0,0,0,0,873.876,1500,0
243,Ghost__Pr0phie,1,0,0,0,0.0,0,0,1000,0,0,0,0,0,0.0,0,0,0,272.333,1500,0
244,Ghost__BALLOC,1,2,0,0,256.600067,1,0,1000,0,1,2,0,0,4.619998,0,0,0,1623.009,1500,0
245,Ghost__Miccoy,1,0,0,0,0.0,0,0,1000,0,0,0,0,0,0.0,0,0,0,1101.613,1500,0
246,Vitality__shadow,14,0,0,0,0.0,0,0,1000,0,0,0,0,0,0.0,0,0,0,531.338,1500,0
247,Vitality__mOnKey,14,0,0,0,0.0,0,0,1000,0,0,0,0,0,0.0,0,0,0,165.742,1500,0
248,Vitality__oraxe,14,1,0,0,100.0,0,0,1000,0,1,1,0,0,1.92949033,0,0,0,502.496,1500,0
249,Vitality__Shiv,14,0,0,0,0.0,0,0,1000,0,0,0,0,0,0.0,0,0,0,862.879,1500,0
250,A__veazyy,13,0,0,0,0.0,0,0,1000,0,0,0,0,0,0.0,0,0,0,863.885,1500,0
251,A__Realzx,13,0,0,0,0.0,0,0,1000,0,0,0,0,0,0.0,0,0,0,862.875,1500,0
252,A__Teabone,13,0,0,0,0.0,0,0,1000,0,0,0,0,0,0.0,0,0,0,592.877,1500,0
253,A__Ciggzy,13,1,0,0,100.0,0,0,1000,0,1,1,0,0,9.887651,0,0,0,412.453,1500,0
254,nV__Venerated,10,0,0,0,0.0,0,0,1000,0,0,0,0,0,0.0,0,0,0,147.507,1500,0
255,nV__Czechshooter,10,2,0,0,200.0,0,0,1000,0,1,2,0,0,17.4884357,0,0,0,685.134,1500,0
256,nV__Jesselol,10,0,0,0,0.0,0,0,1000,0,0,0,0,0,0.0,0,0,0,680.081,1500,0
257,nV__CAD3N,10,0,0,0,0.0,0,0,1000,0,0,0,0,0,0.0,0,0,0,869.875,1500,0
258,Totality__Purdy,2,0,0,0,0.0,0,0,1000,0,0,0,0,0,0.0,0,0,0,1220.836,1500,0
259,Totality__Smithy,2,3,0,1,300.0,2,0,1000,0,1,3,0,0,63.9027,0,0,0,1622.978,1500,0
260,Totality__LosHD,2,0,0,0,0.0,0,0,1000,0,0,0,0,0,0.0,0,0,0,928.874,1500,0
261,Totality__Terro,2,0,0,0,0.0,0,0,1000,0,0,0,0,0,0.0,0,0,0,495.523,1500,0
262,SSG__SMURF10Fs,11,0,0,0,0.0,0,0,1000,0,0,0,0,0,0.0,0,0,0,174.357,1500,0
263,SSG__Hwinn,11,1,0,0,100.0,0,0,1000,0,1,1,0,0,9.044457,0,0,0,866.87,1500,0
264,SSG__DmasteR,11,0,0,0,0.0,0,0,1000,0,0,0,0,0,0.0,0,0,0,429.031,1500,0
265,SSG__Vexyl,11,0,0,0,0.0,0,0,1000,0,0,0,0,0,0.0,0,0,0,194.758,1500,0
266,FaZe__Jembty,6,0,0,0,0.0,0,0,1000,0,0,0,0,0,0.0,0,0,0,652.905,1500,0
267,FaZe__Fuzzface,6,0,0,0,0.0,0,0,1000,0,0,0,0,0,0.0,0,0,0,167.987,1500,0
268,FaZe__mxey,6,1,0,0,100.0,1,0,1000,0,1,1,0,0,27.332983,0,0,0,269.183,1500,0
269,FaZe__Haxete,6,2,0,0,207.096863,0,0,1000,0,2,2,0,0,6.556189,0,0,0,1000.864,1500,0
270,OpTic__Hetror,4,1,0,0,100.0,1,0,1000,0,1,1,0,0,0.8457885,0,0,0,556.253,1500,0
271,OpTic__Valliate,4,0,0,0,9.45539951,0,0,1000,0,0,0,0,0,0.0,0,0,0,1218.839,1500,0
272,OpTic__hypoc,4,0,0,0,9.45539951,0,0,1000,0,0,0,0,0,0.0,0,0,0,1219.837,1500,0
273,OpTic__Bahawaka,4,0,0,0,0.0,0,0,1000,0,0,0,0,0,0.0,0,0,0,285.385,1500,0
274,NRG__pentalol,15,0,0,0,0.0,0,0,1000,0,0,0,0,0,0.0,0,0,0,768.887,1500,0
275,NRG__Kaymind,15,0,0,0,0.0,0,0,1000,0,0,0,0,0,0.0,0,0,0,163.612,1500,0
276,DIG__Wookie,8,0,0,0,0.0,0,0,1000,0,0,0,0,0,0.0,0,0,0,877.874,1500,0
277,DIG__Caint,8,0,0,0,0.0,0,0,1000,0,0,0,0,0,0.0,0,0,0,877.875,1500,0
278,DIG__Uncivil,8,1,0,0,99.99999,1,0,1000,0,1,1,0,0,6.06332,0,0,0,877.876,1500,0
279,DIG__Adam,8,0,0,0,0.0,0,0,1000,0,0,0,0,0,0.0,0,0,0,577.981,1500,0
280,Vitality__shadow,8,0,1,4,47.945,0,3,1000,0,0,0,0,0,0.0,0,1,0,1790.327,1500,0
281,Vitality__Shiv,8,4,0,1,323.220367,1,1,1000,0,1,1,0,0,112.651016,0,0,0,1742.091,1500,0
282,Vitality__oraxe,8,0,0,2,89.33858,0,1,1000,0,0,0,0,0,0.0,0,0,0,1756.237,1500,0
283,Vitality__mOnKey,8,0,0,1,0.0,0,0,1000,0,0,0,0,0,0.0,0,0,0,1228.286,1500,0
284,KNIGHTS__Krama,12,2,0,1,117.961273,1,2,1000,0,1,2,0,0,237.4031,0,1,0,1411.104,1500,0
285,KNIGHTS__Draedon,12,0,1,4,79.66843,0,2,1000,0,0,0,0,0,0.0,0,1,0,1401.001,1500,0
286,KNIGHTS__Voxsic,12,0,0,2,0.0,0,1,1000,0,0,0,0,0,0.0,0,0,0,1399.879,1500,0
287,KNIGHTS__TEXQS,12,0,0,0,36.9831352,0,1,1000,0,0,0,0,0,0.0,0,0,0,1356.598,1500,0
288,Totality__Terro,6,0,0,0,2.39304,0,0,1000,0,0,0,0,0,0.0,0,0,0,502.852,1500,0
289,Totality__Smithy,6,1,2,4,242.7258,0,5,1000,0,1,1,0,0,4.6455574,0,0,0,1898.467,1500,0
290,Totality__Purdy,6,2,2,3,226.255585,0,2,1000,0,1,1,0,0,148.194885,0,0,0,1898.469,1500,0
291,Totality__LosHD,6,0,1,3,160.653809,0,9,1000,0,1,1,0,0,195.288,0,1,0,1898.472,1500,0
292,DIG__Caint,15,0,0,2,0.0,0,3,1000,0,0,0,0,0,0.0,0,0,0,1080.558,1500,0
293,DIG__Adam,15,0,1,2,6.036187,0,9,1000,0,0,0,0,0,0.0,0,0,0,1079.544,1500,0
294,DIG__Wookie,15,0,0,0,0.0,0,0,1000,0,0,0,0,0,0.0,0,0,0,775.167,1500,0
295,DIG__Uncivil,15,0,0,1,76.94921,0,3,1000,0,0,0,0,0,0.0,0,0,0,1079.21,1500,0
296,nV__Czechshooter,11,1,0,2,238.638474,0,8,1000,0,1,1,0,0,10.7214584,0,0,0,1580.809,1500,0
297,nV__Jesselol,11,0,2,3,172.58374,0,2,1000,0,0,0,0,0,0.0,0,0,0,1537.523,1500,0
298,nV__Venerated,11,2,1,1,396.547363,1,1,1000,0,1,2,0,0,168.394,0,1,0,1548.547,1500,0
299,nV__CAD3N,11,0,2,0,173.920135,0,0,1000,0,0,0,0,0,0.0,0,0,0,1557.23,1500,0
300,OpTic__Hetror,9,7,1,1,613.641235,2,3,1000,0,3,7,0,0,141.370422,0,0,0,1764.421,1500,0
301,OpTic__Bahawaka,9,1,0,2,152.869324,0,2,1000,0,1,1,0,0,18.7889824,0,0,0,1502.799,1500,0
302,OpTic__hypoc,9,0,5,8,139.722168,0,1,1000,0,0,0,0,0,0.0,0,0,0,1764.423,1500,0
303,OpTic__Valliate,9,1,1,5,197.20546,0,8,1000,0,1,2,0,0,204.170776,0,0,0,1557.802,1500,0
304,Ghost__Miccoy,4,0,1,8,165.535431,0,10,1000,0,1,1,0,0,5.115875,0,0,0,2070.261,1500,0
305,Ghost__Pr0phie,4,0,0,2,1.92552054,0,1,1000,0,0,0,0,0,0.0,0,0,0,1115.586,1500,0
306,Ghost__BALLOC,4,2,0,3,388.309082,0,3,1000,0,1,1,0,0,67.1664,0,1,0,1822.462,1500,0
307,Ghost__Turtle,4,0,0,1,51.27385,0,2,1000,0,0,0,0,0,0.0,0,0,0,952.792,1500,0
308,TG__MORTIFY,5,1,1,5,187.042755,0,3,1000,0,0,0,0,0,0.0,0,3,0,2038.593,1500,0
309,TG__Cillo,5,0,0,6,117.032372,0,3,1000,0,0,0,0,0,0.0,0,1,0,1996.399,1500,0
310,TG__Mossy,5,0,0,9,22.17465,0,15,1000,0,0,0,0,0,0.0,0,1,0,1728.348,1500,0
311,TG__Exko,5,1,1,6,248.8043,0,3,1000,0,1,1,0,0,58.47586,0,0,0,1893.924,1500,0
312,C9__Moody,10,0,1,3,56.18302,0,3,1000,0,0,0,0,0,0.0,0,0,0,1680.781,1500,0
313,C9__Frolicer,10,1,2,4,185.926132,1,0,1000,0,1,2,0,0,80.30769,0,0,0,1664.413,1500,0
314,C9__Reum,10,0,1,4,87.59274,0,5,1000,0,0,0,0,0,0.0,0,0,0,1680.778,1500,0
315,C9__Stab,10,0,0,2,38.5379143,0,0,1000,0,0,0,0,0,0.0,0,0,0,1667.138,1500,0
316,TS__Meluke,7,0,0,3,50.483963,0,5,1000,0,0,0,0,0,0.0,0,1,0,1849.383,1500,0
317,TS__Zanpah,7,0,0,1,326.428436,0,5,1000,0,0,0,0,0,0.0,0,0,0,1280.94,1500,0
318,TS__YaBoiDre,7,0,1,1,221.0814,0,4,1000,0,0,0,0,0,0.0,0,0,0,1842.703,1500,0
319,WC__Sharpshot,7,3,0,2,389.127869,0,1,1000,0,2,4,0,0,85.71126,0,0,0,1533.265,1500,0
320,A__Ciggzy,3,2,2,5,371.595123,0,4,1000,0,1,2,0,0,19.6764851,0,2,0,2085.034,1500,0
321,A__veazyy,3,0,0,1,4.37876749,0,7,1000,0,0,0,0,0,0.0,0,0,0,1258.695,1500,0
322,A__Realzx,3,3,2,6,322.418182,1,6,1000,0,1,2,0,0,256.211517,0,0,0,2085.037,1500,0
323,A__Teabone,3,1,1,3,548.2238,0,0,1000,0,1,1,0,0,210.133789,0,2,0,1900.065,1500,0
324,NRG__Nerf,2,6,2,5,898.397949,0,2,1000,0,2,5,0,0,345.3588,0,0,0,2103.667,1500,0
325,NRG__Kaymind,2,5,1,4,824.542,1,4,1000,0,1,5,0,0,165.72348,0,1,0,2107.011,1500,0
326,NRG__Zhnark,2,0,4,1,408.153442,0,2,1000,0,1,1,0,0,96.7260361,0,0,0,2107.013,1500,0
327,NRG__pentalol,2,2,1,3,254.143188,1,1,1000,0,1,2,0,0,111.934021,0,0,0,2095.769,1500,0
328,FaZe__mxey,16,0,1,0,69.1477051,0,0,1000,0,0,0,0,0,0.0,0,0,0,1045.852,1500,0
329,FaZe__Jembty,16,0,1,0,3.072157,0,0,1000,0,0,0,0,0,0.0,0,0,0,799.533,1500,0
330,FaZe__Fuzzface,16,1,0,0,71.62001,0,0,1000,0,0,0,0,0,0.0,0,0,1,1045.849,1500,0
331,FaZe__Haxete,16,0,0,2,113.076569,0,0,1000,0,0,0,0,0,0.0,0,0,0,1042.977,1500,0
332,Method__MOLNMAN,14,0,1,2,36.64081,0,8,1000,0,0,0,0,0,0.0,0,0,0,1343.386,1500,0
333,Method__Aitzy,14,0,0,0,0.0,0,0,1000,0,0,0,0,0,0.0,0,0,0,484.057,1500,0
334,Method__AndyPyro,14,0,0,5,21.81457,0,2,1000,0,0,0,0,0,0.0,0,0,0,1393.111,1500,0
335,Method__RAPHYYY,14,1,0,3,295.8724,0,9,1000,0,0,0,0,0,0.0,0,0,0,1354.36,1500,0
336,FlyQ__SteezyBB,13,0,0,3,0.0,0,1,1000,0,0,0,0,0,0.0,0,0,0,1397.878,1500,0
337,FlyQ__Sharky,13,1,0,2,138.925018,0,0,1000,0,0,0,0,0,0.0,0,0,0,1306.489,1500,0
338,FlyQ__Microstar,13,1,1,2,142.975052,0,1,1000,0,0,0,0,0,0.0,0,0,0,1405.914,1500,0
339,FlyQ__Poonage,13,2,0,4,221.5798,0,1,1000,0,1,2,0,0,237.226547,0,0,0,1240.202,1500,0
340,SSG__DmasteR,1,3,2,1,354.4404,1,1,1000,0,1,3,0,0,43.0900345,0,1,0,2107.047,1500,0
341,SSG__Hwinn,1,5,1,4,549.9298,0,7,1000,0,1,3,0,0,297.094543,0,0,0,2065.368,1500,0
342,SSG__SMURF10Fs,1,1,5,4,379.303955,0,5,1000,0,1,1,0,0,31.3346,0,2,0,2107.047,1500,0
343,SSG__Vexyl,1,1,1,5,350.8843,1,10,1000,0,1,4,0,0,63.5462646,0,0,0,2107.047,1500,0
344,A__Realzx,9,3,0,4,393.901062,0,4,1000,0,1,2,0,0,168.729645,0,0,0,1605.243,1500,0
345,A__Ciggzy,9,0,0,0,101.0,1,0,1000,0,1,1,0,0,152.96106,0,0,0,1605.24,1500,0
346,A__veazyy,9,0,1,1,51.1322937,0,5,1000,0,0,0,0,0,0.0,0,1,0,1591.532,1500,0
347,A__Teabone,9,2,2,1,506.023865,0,1,1000,0,0,0,0,0,0.0,0,0,0,1598.873,1500,0
348,TG__Mossy,10,1,0,2,210.550964,0,3,1000,0,1,1,0,0,46.39587,0,0,0,1531.556,1500,0
349,TG__MORTIFY,10,0,0,0,42.28592,0,2,1000,0,0,0,0,0,0.0,0,0,0,1325.114,1500,0
350,TG__Cillo,10,0,0,3,66.94679,0,3,1000,0,0,0,0,0,0.0,0,0,0,1600.369,1500,0
351,TG__Exko,10,0,0,2,59.2300034,0,1,1000,0,0,0,0,0,0.0,0,0,0,1313.78,1500,0
352,NRG__Nerf,13,0,0,2,217.150314,0,5,1000,0,0,0,0,0,0.0,0,0,0,1488.725,1500,0
353,NRG__Zhnark,13,0,0,3,124.252136,0,1,1000,0,0,0,0,0,0.0,0,1,0,1529.606,1500,0
354,NRG__pentalol,13,0,0,2,69.42313,0,7,1000,0,0,0,0,0,0.0,0,0,0,1493.579,1500,0
355,NRG__Kaymind,13,1,0,3,107.05,0,3,1000,0,0,0,0,0,0.0,0,0,0,1499.576,1500,0
356,TS__Meluke,7,1,0,0,143.108185,0,1,1000,0,1,2,0,0,139.5087,0,0,0,1670.058,1500,0
357,TS__YaBoiDre,7,0,1,3,60.0798569,0,7,1000,0,1,1,0,0,154.259918,0,0,0,1601.106,1500,0
358,WC__Sharpshot,7,0,1,3,139.506424,1,4,1000,0,1,1,0,0,178.568375,0,0,0,1551.736,1500,0
359,TS__Zanpah,7,2,1,2,386.373932,0,2,1000,0,0,0,0,0,0.0,0,2,0,1601.104,1500,0
360,FlyQ__Microstar,11,0,0,1,101.37635,0,0,1000,0,0,0,0,0,0.0,0,0,0,1582.688,1500,0
361,FlyQ__Sharky,11,1,0,3,107.189812,0,0,1000,0,0,0,0,0,0.0,0,0,0,1582.691,1500,0
362,FlyQ__Poonage,11,4,0,0,554.932,0,0,1000,0,1,1,0,0,30.57974,0,0,0,1582.693,1500,0
363,FlyQ__SteezyBB,11,0,0,0,139.14769,0,0,1000,0,0,0,0,0,0.0,0,0,0,1582.695,1500,0
364,FaZe__mxey,15,0,0,2,124.30658,0,0,1000,0,0,0,0,0,0.0,0,1,0,1241.533,1500,0
365,FaZe__Haxete,15,1,0,3,172.820557,0,9,1000,0,1,1,0,0,8.425386,0,0,0,1338.903,1500,0
366,FaZe__Fuzzface,15,0,0,3,0.0,0,0,1000,0,0,0,0,0,0.0,0,0,0,1243.266,1500,0
367,FaZe__Jembty,15,0,0,0,0.0,0,0,1000,0,0,0,0,0,0.0,0,0,0,669.933,1500,0
368,Ghost__Miccoy,3,0,0,6,67.58077,0,10,1000,0,1,1,0,0,19.5546017,0,1,0,1938.752,1500,0
369,Ghost__Turtle,3,3,1,3,399.531342,1,7,1000,0,1,3,0,0,63.89166,0,0,0,2032.864,1500,0
370,Ghost__Pr0phie,3,3,1,3,633.310364,2,4,1000,0,2,2,0,0,49.6997643,0,2,0,1998.432,1500,0
371,Ghost__BALLOC,3,0,0,2,45.47428,0,3,1000,0,0,0,0,0,0.0,0,1,0,1565.26,1500,0
372,nV__Czechshooter,8,0,0,2,67.93869,0,1,1000,0,0,0,0,0,0.0,0,0,0,1536.768,1500,0
373,nV__CAD3N,8,1,0,5,309.17746,0,10,1000,0,1,1,0,0,106.285408,0,2,0,1658.483,1500,0
374,nV__Jesselol,8,0,1,1,393.758636,0,1,1000,0,0,0,0,0,0.0,0,0,0,1593.151,1500,0
375,nV__Venerated,8,0,0,0,0.0,0,0,1000,0,0,0,0,0,0.0,0,0,0,568.153,1500,0
376,C9__Moody,14,2,4,1,286.0353,0,6,1000,0,0,0,0,0,0.0,0,0,0,1434.736,1500,0
377,C9__Reum,14,2,3,0,148.639481,0,0,1000,0,1,1,0,0,26.6287518,0,1,0,1434.732,1500,0
378,C9__Stab,14,1,0,2,62.0621872,0,3,1000,0,1,1,0,0,11.3285189,0,0,0,1434.734,1500,0
379,C9__Frolicer,14,0,2,1,19.35,0,1,1000,0,0,0,0,0,0.0,0,0,0,1301.152,1500,0
380,Totality__Smithy,2,7,3,0,747.8171,0,1,1000,0,2,4,0,0,38.26488,0,1,0,2055.8,1500,0
381,Totality__Terro,2,1,1,3,231.53157,1,3,1000,0,2,3,0,0,200.984512,0,1,0,2016.834,1500,0
382,Totality__LosHD,2,1,3,2,602.672058,1,3,1000,0,1,1,0,0,232.973633,0,0,0,2055.797,1500,0
383,Totality__Purdy,2,2,3,4,463.744751,0,4,1000,0,1,2,0,0,79.2773,0,0,0,1966.331,1500,0
384,KNIGHTS__Voxsic,16,0,0,0,16.2086086,0,0,1000,0,0,0,0,0,0.0,0,0,0,798.216,1500,0
385,KNIGHTS__Draedon,16,0,0,3,82.79967,0,1,1000,0,0,0,0,0,0.0,0,0,0,1291.349,1500,0
386,KNIGHTS__TEXQS,16,0,0,2,20.8952484,0,0,1000,0,0,0,0,0,0.0,0,0,0,794.849,1500,0
387,KNIGHTS__Krama,16,0,0,0,0.0,0,0,1000,0,0,0,0,0,0.0,0,0,0,819.851,1500,0
388,Method__MOLNMAN,6,1,0,1,235.839066,0,1,1000,0,1,1,0,0,64.776474,0,0,0,1629.584,1500,0
389,Method__RAPHYYY,6,4,3,4,577.2749,2,2,1000,0,2,5,0,0,86.6096,0,2,0,1705.007,1500,0
390,Method__Aitzy,6,1,3,6,240.337463,0,6,1000,0,1,1,0,0,3.90844536,0,0,0,1699.639,1500,0
391,Method__AndyPyro,6,3,1,0,718.396362,0,0,1000,0,1,2,0,0,67.3059158,0,0,0,1586.586,1500,0
392,DIG__Uncivil,4,3,0,6,269.390625,1,7,1000,0,2,3,0,0,6.54797935,0,0,0,1987.48,1500,0
393,DIG__Caint,4,0,0,4,295.6744,0,4,1000,0,0,0,0,0,0.0,0,0,0,1979.729,1500,0
394,DIG__Adam,4,1,1,4,230.754425,0,7,1000,0,1,2,0,0,61.38472,0,3,0,1987.477,1500,0
395,DIG__Wookie,4,5,0,1,559.589355,0,3,1000,0,1,1,0,0,47.90085,0,0,0,1987.479,1500,0
396,Vitality__shadow,5,0,0,1,62.95919,0,1,1000,0,0,0,0,0,0.0,0,0,0,1303.852,1500,0
397,Vitality__mOnKey,5,1,0,3,88.96875,0,9,1000,0,0,0,0,0,0.0,0,0,0,1889.793,1500,0
398,Vitality__oraxe,5,0,0,3,157.2496,0,6,1000,0,0,0,0,0,0.0,0,0,0,1806.217,1500,0
399,Vitality__Shiv,5,1,0,2,36.9859962,0,1,1000,0,0,0,0,0,0.0,0,2,0,1303.738,1500,0
400,SSG__Vexyl,1,3,0,7,420.2283,0,18,1000,0,1,4,0,0,36.02698,0,1,0,2055.847,1500,0
401,SSG__DmasteR,1,1,2,4,435.18988,1,10,1000,0,1,2,0,0,62.69289,0,0,0,2052.553,1500,0
402,SSG__Hwinn,1,1,3,6,361.783539,1,10,1000,0,1,1,0,0,67.5788345,0,0,0,1986.887,1500,0
403,SSG__SMURF10Fs,1,4,1,6,563.9663,2,4,1000,0,1,5,0,0,89.4785461,0,2,0,2055.847,1500,0
404,OpTic__hypoc,12,1,0,3,97.20083,0,2,1000,0,1,1,0,0,66.28844,0,0,0,1540.989,1500,0
405,OpTic__Hetror,12,1,2,2,326.791351,0,1,1000,0,1,1,0,0,60.9910126,0,0,0,1439.298,1500,0
406,OpTic__Valliate,12,1,1,1,233.85231,0,0,1000,0,1,1,0,0,32.3012733,0,1,0,1402.624,1500,0
407,OpTic__Bahawaka,12,1,0,3,120.020004,0,3,1000,0,2,2,0,0,65.20092,0,0,0,1542.04,1500,0
408,FlyQ__Microstar,11,0,1,5,144.232864,0,1,1000,0,0,0,0,0,0.0,0,0,0,1414.557,1500,0
409,FlyQ__Poonage,11,0,0,1,34.34079,0,0,1000,0,0,0,0,0,0.0,0,0,0,923.12,1500,0
410,FlyQ__Sharky,11,0,1,4,263.3626,0,3,1000,0,0,0,0,0,0.0,0,1,0,1573.939,1500,0
411,FlyQ__SteezyBB,11,1,0,1,191.7374,0,0,1000,0,0,0,0,0,0.0,0,0,0,1360.974,1500,0
412,DIG__Wookie,12,0,0,1,87.57686,0,1,1000,0,0,0,0,0,0.0,0,0,0,1472.29,1500,0
413,DIG__Adam,12,0,0,1,40.5527,0,0,1000,0,0,0,0,0,0.0,0,1,1,1533.748,1500,0
414,DIG__Uncivil,12,1,0,5,134.696228,0,2,1000,0,1,1,0,0,288.6013,0,0,0,1533.746,1500,0
415,DIG__Caint,12,1,0,4,100.0,0,8,1000,0,0,0,0,0,0.0,0,0,0,1520.97,1500,0
416,Totality__Smithy,6,1,1,5,245.077316,1,10,1000,0,1,1,0,0,217.275833,0,1,0,1816.262,1500,0
417,Totality__Purdy,6,2,1,6,239.2395,0,9,1000,0,1,2,0,0,35.8806229,0,0,0,1816.264,1500,0
418,Totality__Terro,6,1,2,3,178.474167,0,3,1000,0,1,1,0,0,4.0492506,0,1,0,1762.43,1500,0
419,Totality__LosHD,6,0,0,5,349.176239,0,1,1000,0,1,1,0,0,94.655304,0,0,0,1813.016,1500,0
420,nV__Jesselol,14,0,2,3,88.08877,0,8,1000,0,0,0,0,0,0.0,0,0,0,1389.902,1500,0
421,nV__CAD3N,14,3,2,5,302.594635,0,8,1000,0,1,2,0,0,116.449211,0,0,0,1427.112,1500,0
422,nV__Czechshooter,14,0,0,3,0.0,0,6,1000,0,0,0,0,0,0.0,0,1,0,1292.915,1500,0
423,nV__Venerated,14,2,1,3,96.649704,1,11,1000,0,2,2,0,0,86.51312,0,0,0,1423.904,1500,0
424,TS__Zanpah,5,0,0,4,238.5905,0,5,1000,0,0,0,0,0,0.0,0,1,0,1783.435,1500,0
425,TS__Meluke,5,0,0,3,154.0253,0,3,1000,0,1,1,0,0,68.02822,0,0,0,1870.24,1500,0
426,WC__Sharpshot,5,2,2,4,351.329834,0,7,1000,0,1,1,0,0,267.501,0,2,0,1872.247,1500,0
427,TS__YaBoiDre,5,0,0,0,22.6136971,0,0,1000,0,0,0,0,0,0.0,0,0,0,826.157,1500,0
428,A__Realzx,13,1,1,2,185.367859,0,0,1000,0,0,0,0,0,0.0,0,0,0,1516.905,1500,0
429,A__veazyy,13,1,0,2,100.0,1,2,1000,0,1,1,0,0,21.9573727,0,0,0,1503.261,1500,0
430,A__Teabone,13,0,0,1,11.84138,0,0,1000,0,0,0,0,0,0.0,0,0,0,773.71,1500,0
431,A__Ciggzy,13,1,0,0,162.400009,0,0,1000,0,1,1,0,0,53.89741,0,0,0,805.41,1500,0
432,SSG__SMURF10Fs,8,1,0,2,202.01416,0,5,1000,0,1,1,0,0,101.898964,0,0,0,1474.849,1500,0
433,SSG__Vexyl,8,1,0,3,242.744263,0,7,1000,0,0,0,0,0,0.0,0,0,0,1774.57,1500,0
434,SSG__Hwinn,8,2,0,4,259.911469,0,3,1000,0,1,1,0,0,10.7791882,0,0,0,1476.579,1500,0
435,SSG__DmasteR,8,4,0,4,727.645264,0,4,1000,0,1,3,0,0,99.86877,0,0,0,1677.355,1500,0
436,Vitality__mOnKey,15,0,0,0,111.2625,0,0,1000,0,0,0,0,0,0.0,0,0,0,589.587,1500,0
437,Vitality__Shiv,15,0,0,0,0.0,0,0,1000,0,0,0,0,0,0.0,0,0,0,821.78,1500,0
438,Vitality__shadow,15,0,0,0,64.52573,0,1,1000,0,0,0,0,0,0.0,0,0,0,836.673,1500,0
439,Vitality__oraxe,15,0,0,0,0.0,0,0,1000,0,0,0,0,0,0.0,0,0,0,836.671,1500,0
440,NRG__Nerf,16,0,0,1,35.0,0,1,1000,0,0,0,0,0,0.0,0,0,0,638.559,1500,0
441,NRG__pentalol,16,1,0,2,91.18941,0,7,1000,0,0,0,0,0,0.0,0,0,0,750.746,1500,0
442,NRG__Kaymind,16,1,0,0,170.8306,0,1,1000,0,0,0,0,0,0.0,0,1,0,704.508,1500,0
443,NRG__Zhnark,16,0,0,1,32.34,0,1,1000,0,0,0,0,0,0.0,0,0,0,750.743,1500,0
444,Method__MOLNMAN,2,1,1,4,94.45647,1,2,1000,0,1,1,0,0,44.80582,0,2,0,2022.992,1500,0
445,Method__RAPHYYY,2,4,2,6,327.679535,1,2,1000,0,1,4,0,0,184.030426,0,0,0,2020.431,1500,0
446,Method__AndyPyro,2,0,1,6,375.5312,0,5,1000,0,0,0,0,0,0.0,0,0,0,2049.329,1500,0
447,Method__Aitzy,2,2,1,2,286.028656,1,0,1000,0,2,2,0,0,45.06807,0,1,0,2049.332,1500,0
448,C9__Stab,9,0,0,3,102.0,0,2,1000,0,1,1,0,0,91.5136948,0,0,0,1615.86,1500,0
449,C9__Moody,9,1,0,0,90.4894,0,0,1000,0,1,1,0,0,28.1081429,0,0,0,781.68,1500,0
450,C9__Reum,9,0,0,1,0.0,0,3,1000,0,0,0,0,0,0.0,0,0,0,1322.566,1500,0
451,C9__Frolicer,9,1,0,4,104.288086,0,9,1000,0,1,1,0,0,7.902279,0,0,0,1298.79,1500,0
452,OpTic__Bahawaka,3,1,0,8,451.300079,0,7,1000,0,1,2,0,0,64.7180252,0,0,0,2023.696,1500,0
453,OpTic__hypoc,3,0,1,9,101.986946,0,0,1000,0,0,0,0,0,0.0,0,0,0,2023.698,1500,0
454,OpTic__Hetror,3,0,0,0,35.272274,0,0,1000,0,0,0,0,0,0.0,0,0,0,1037.6,1500,0
455,OpTic__Valliate,3,0,0,0,0.0,0,0,1000,0,0,0,0,0,0.0,0,0,0,1060.306,1500,0
456,KNIGHTS__Voxsic,1,2,1,1,594.2534,0,0,1000,0,2,5,0,0,273.492,0,2,0,2049.367,1500,0
457,KNIGHTS__Krama,1,1,4,2,559.771,0,1,1000,0,1,3,0,0,136.792664,0,0,0,2049.367,1500,0
458,KNIGHTS__Draedon,1,7,3,0,862.604248,2,1,1000,0,2,7,0,0,222.068558,0,0,0,2049.367,1500,0
459,KNIGHTS__TEXQS,1,0,0,0,33.11,0,0,1000,0,0,0,0,0,0.0,0,0,0,717.451,1500,0
460,Ghost__Miccoy,7,1,0,3,197.137939,0,4,1000,0,0,0,0,0,0.0,0,0,0,1657.857,1500,0
461,Ghost__BALLOC,7,1,1,2,310.27182,0,12,1000,0,1,1,0,0,283.512177,0,0,0,1807.616,1500,0
462,Ghost__Turtle,7,0,0,1,0.0,0,6,1000,0,0,0,0,0,0.0,0,0,0,904.756,1500,0
463,Ghost__Pr0phie,7,0,0,1,0.0,0,11,1000,0,0,0,0,0,0.0,0,0,0,899.94,1500,0
464,FaZe__Haxete,4,2,2,4,353.310822,0,6,1000,0,1,1,0,0,15.3032064,0,1,0,1780.156,1500,0
465,FaZe__Fuzzface,4,0,3,6,350.31723,0,9,1000,0,0,0,0,0,0.0,0,1,0,1906.833,1500,0
466,FaZe__mxey,4,1,3,4,421.115234,0,9,1000,0,1,3,0,0,203.200409,0,0,0,1700.107,1500,0
467,FaZe__Jembty,4,5,1,3,322.349884,0,7,1000,0,1,3,0,0,293.725525,0,1,0,1848.205,1500,0
468,TG__MORTIFY,10,0,0,5,186.158447,0,0,1000,0,0,0,0,0,0.0,0,0,0,1568.14,1500,0
469,TG__Mossy,10,2,2,1,376.3187,0,0,1000,0,1,1,0,0,81.4526138,0,0,0,1349.133,1500,0
470,TG__Cillo,10,2,1,3,251.428955,0,0,1000,0,1,2,0,0,226.519226,0,0,0,1599.065,1500,0
471,TG__Exko,10,2,0,3,202.505081,0,4,1000,0,1,2,0,0,2.340869,0,0,0,1378.998,1500,0
472,NRG__Kaymind,5,1,1,4,146.844589,0,4,1000,0,0,0,0,0,0.0,0,0,0,1792.488,1500,0
473,NRG__pentalol,5,0,2,7,214.70076,0,5,1000,0,0,0,0,0,0.0,0,0,0,1792.49,1500,0
474,NRG__Nerf,5,1,1,6,187.826675,0,3,1000,0,1,1,0,0,141.484711,0,0,0,1792.493,1500,0
475,NRG__Zhnark,5,0,0,2,0.0,0,1,1000,0,0,0,0,0,0.0,0,0,0,1303.706,1500,0
476,FaZe__Jembty,12,1,1,2,12.4599953,0,1,1000,0,0,0,0,0,0.0,0,0,0,1369.154,1500,0
477,FaZe__Fuzzface,12,0,0,2,11.3978577,0,1,1000,0,0,0,0,0,0.0,0,0,0,1369.157,1500,0
478,FaZe__Haxete,12,0,0,1,3.8380115,0,1,1000,0,0,0,0,0,0.0,0,0,0,1369.16,1500,0
479,FaZe__mxey,12,0,1,3,69.88927,0,0,1000,0,0,0,0,0,0.0,0,0,0,1368.201,1500,0
480,DIG__Wookie,2,1,2,5,422.778656,3,2,1000,0,1,3,0,0,264.454,0,0,1,1979.905,1500,0
481,DIG__Caint,2,0,0,1,21.8636341,0,0,1000,0,2,2,0,0,62.6097069,0,0,0,1297.981,1500,0
482,DIG__Uncivil,2,0,0,0,0.0,0,0,1000,0,0,0,0,0,0.0,0,0,0,1297.366,1500,0
483,DIG__Adam,2,1,1,2,317.940277,0,1,1000,0,0,0,0,0,0.0,0,0,0,1777.278,1500,0
484,OpTic__hypoc,14,0,2,4,134.259552,0,1,1000,0,0,0,0,0,0.0,0,0,0,1244.662,1500,0
485,OpTic__Bahawaka,14,0,1,2,24.23735,0,1,1000,0,0,0,0,0,0.0,0,0,0,1202.026,1500,0
486,OpTic__Hetror,14,0,1,0,26.2047,0,0,1000,0,0,0,0,0,0.0,0,0,0,1070.013,1500,0
487,OpTic__Valliate,14,2,0,3,160.31,0,5,1000,0,2,2,0,0,107.8956,0,0,0,1272.246,1500,0
488,WC__Sharpshot,3,2,4,3,309.53653,0,11,1000,0,1,2,0,0,267.597839,0,0,0,1927.765,1500,0
489,TS__Zanpah,3,3,1,3,499.83252,2,7,1000,0,1,5,0,0,361.846832,0,0,0,1548.852,1500,0
490,TS__YaBoiDre,3,1,4,4,170.093384,0,1,1000,0,1,2,0,0,40.0815773,0,3,0,1731.075,1500,0
491,TS__Meluke,3,2,2,1,286.4294,0,0,1000,0,1,2,0,0,138.08194,0,0,0,1556.859,1500,0
492,Vitality__mOnKey,15,0,1,0,0.0,0,0,1000,0,0,0,0,0,0.0,0,0,0,1065.865,1500,0
493,Vitality__Shiv,15,0,0,0,0.0,0,0,1000,0,0,0,0,0,0.0,0,0,0,792.31,1500,0
494,Vitality__oraxe,15,1,2,0,144.119232,0,0,1000,0,1,1,0,0,1.15685034,0,0,0,1065.863,1500,0
495,Vitality__shadow,15,0,0,0,0.0,0,0,1000,0,0,0,0,0,0.0,0,0,0,562.593,1500,0
496,Method__MOLNMAN,9,0,0,1,204.82074,0,0,1000,0,0,0,0,0,0.0,0,0,0,1343.108,1500,0
497,Method__Aitzy,9,0,0,2,168.972565,0,7,1000,0,0,0,0,0,0.0,0,1,0,1611.125,1500,0
498,Method__AndyPyro,9,0,0,0,22.5427284,0,0,1000,0,0,0,0,0,0.0,0,0,0,308.805,1500,0
499,Method__RAPHYYY,9,1,1,3,98.54749,0,6,1000,0,1,1,0,0,8.565273,0,0,0,1348.096,1500,0
500,nV__Jesselol,1,3,7,3,366.134369,0,4,1000,0,1,3,0,0,307.097778,0,0,0,1825.932,1500,0
501,nV__Czechshooter,1,4,4,5,378.113831,1,9,1000,0,1,3,0,0,173.171371,0,1,0,1979.943,1500,0
502,nV__CAD3N,1,2,3,5,539.5269,2,8,1000,0,2,4,0,0,265.15976,0,0,0,1979.943,1500,0
503,nV__Venerated,1,6,3,5,1083.48022,3,5,1000,0,2,10,0,0,266.528259,0,2,0,1979.943,1500,0
504,FlyQ__Sharky,6,0,0,0,0.0,0,0,1000,0,0,0,0,0,0.0,0,0,0,1132.794,1500,0
505,FlyQ__SteezyBB,6,0,0,0,0.0,0,0,1000,0,0,0,0,0,0.0,0,0,0,1132.799,1500,0
506,FlyQ__Microstar,6,0,0,1,13.2198009,0,0,1000,0,0,0,0,0,0.0,0,0,0,1144.804,1500,0
507,FlyQ__Poonage,6,0,0,1,252.826248,0,5,1000,0,1,1,0,0,73.9404,0,0,0,1731.824,1500,0
508,Totality__Purdy,13,0,0,0,0.0,0,0,1000,0,0,0,0,0,0.0,0,0,0,498.947,1500,0
509,Totality__Terro,13,1,0,1,129.889465,0,5,1000,0,0,0,0,0,0.0,0,0,0,1095.003,1500,0
510,Totality__Smithy,13,0,0,1,47.4335938,0,5,1000,0,0,0,0,0,0.0,0,0,0,1049.335,1500,0
511,Totality__LosHD,13,2,0,1,243.777512,0,2,1000,0,1,2,0,0,181.4792,0,0,0,1313.046,1500,0
512,TG__MORTIFY,16,0,0,0,0.0,0,0,1000,0,0,0,0,0,0.0,0,0,0,1034.367,1500,0
513,TG__Mossy,16,1,0,2,117.189178,0,3,1000,0,1,1,0,0,2.64901114,0,0,0,1031.283,1500,0
514,TG__Exko,16,0,0,0,94.53,0,0,1000,0,0,0,0,0,0.0,0,0,0,1024.998,1500,0
515,TG__Cillo,16,0,0,1,50.2446823,0,0,1000,0,0,0,0,0,0.0,0,0,0,1036.229,1500,0
516,KNIGHTS__Krama,11,2,0,4,384.9606,2,4,1000,0,1,2,0,0,23.946228,0,2,0,1514.221,1500,0
517,KNIGHTS__Draedon,11,0,0,3,36.119236,0,2,1000,0,0,0,0,0,0.0,0,0,0,1379.468,1500,0
518,KNIGHTS__Voxsic,11,0,0,2,94.5687256,0,0,1000,0,0,0,0,0,0.0,0,2,0,1514.218,1500,0
519,KNIGHTS__TEXQS,11,0,1,3,248.443253,0,5,1000,0,0,0,0,0,0.0,0,0,0,1514.107,1500,0
520,A__Teabone,10,0,3,3,381.132355,0,0,1000,0,0,0,0,0,0.0,0,0,0,1595.15,1500,0
521,A__Realzx,10,3,2,3,276.9833,0,2,1000,0,1,2,0,0,429.345337,0,0,0,1572.233,1500,0
522,A__veazyy,10,0,2,2,237.5713,0,6,1000,0,0,0,0,0,0.0,0,0,0,1064.466,1500,0
523,A__Ciggzy,10,0,3,1,132.369141,0,0,1000,0,0,0,0,0,0.0,0,0,0,1038.045,1500,0
524,C9__Stab,4,3,1,4,397.8821,0,0,1000,0,1,1,0,0,147.97316,0,1,0,1810.416,1500,0
525,C9__Moody,4,2,1,1,200.0,0,8,1000,0,1,1,0,0,2.42545366,0,0,0,624.834,1500,0
526,C9__Frolicer,4,3,1,1,457.537659,0,2,1000,0,1,2,0,0,25.922657,0,0,0,1809.04,1500,0
527,C9__Reum,4,1,3,0,371.7176,0,1,1000,0,0,0,0,0,0.0,0,0,0,1804.19,1500,0
528,Ghost__Pr0phie,8,0,0,2,26.3088875,0,2,1000,0,0,0,0,0,0.0,0,0,0,1034.346,1500,0
529,Ghost__BALLOC,8,0,0,5,199.695358,0,3,1000,0,0,0,0,0,0.0,0,0,0,1411.899,1500,0
530,Ghost__Turtle,8,1,2,6,199.16098,0,16,1000,0,1,1,0,0,6.482577,0,0,0,1644.709,1500,0
531,Ghost__Miccoy,8,1,0,2,124.847687,0,0,1000,0,1,1,0,0,18.3852348,0,0,0,1366.917,1500,0
532,SSG__Vexyl,7,0,0,0,0.0,0,0,1000,0,0,0,0,0,0.0,0,0,0,612.151,1500,0
533,SSG__Hwinn,7,1,0,4,310.7162,0,5,1000,0,1,1,0,0,196.375534,0,0,0,1711.371,1500,0
534,SSG__SMURF10Fs,7,0,1,4,170.191177,0,5,1000,0,0,0,0,0,0.0,0,0,0,1717.812,1500,0
535,SSG__DmasteR,7,0,0,0,0.0,0,0,1000,0,0,0,0,0,0.0,0,0,0,614.877,1500,0
536,NRG__Nerf,15,0,0,0,32.40708,0,0,1000,0,0,0,0,0,0.0,0,0,0,696.409,1500,0
537,NRG__Zhnark,15,0,1,1,9.45539951,0,0,1000,0,0,0,0,0,0.0,0,0,0,1063.653,1500,0
538,NRG__Kaymind,15,0,0,0,0.0,0,0,1000,0,0,0,0,0,0.0,0,0,0,1056.001,1500,0
539,NRG__pentalol,15,0,1,1,18.910799,0,0,1000,0,0,0,0,0,0.0,0,0,0,1063.65,1500,0
540,A__Ciggzy,16,0,0,0,0.0,0,0,1000,0,0,0,0,0,0.0,0,0,0,1041.79,1500,0
541,A__Realzx,16,0,0,0,0.0,0,0,1000,0,0,0,0,0,0.0,0,0,0,824.669,1500,0
542,A__veazyy,16,0,0,1,9.326355,0,0,1000,0,0,0,0,0,0.0,0,0,0,829.819,1500,0
543,A__Teabone,16,0,0,0,0.0,0,0,1000,0,0,0,0,0,0.0,0,0,0,1039.768,1500,0
544,TG__MORTIFY,5,0,1,4,86.93886,0,1,1000,0,0,0,0,0,0.0,0,0,0,1882.163,1500,0
545,TG__Mossy,5,1,0,4,312.3565,0,9,1000,0,1,1,0,0,149.058624,0,0,0,1878.373,1500,0
546,TG__Exko,5,0,0,3,120.618591,0,6,1000,0,0,0,0,0,0.0,0,0,0,1610.049,1500,0
547,TG__Cillo,5,0,0,1,18.3825,0,1,1000,0,0,0,0,0,0.0,0,0,0,821.744,1500,0
548,C9__Reum,9,1,0,0,118.924789,0,0,1000,0,1,1,0,0,115.23069,0,0,0,1161.036,1500,0
549,C9__Moody,9,0,1,1,0.080769375,0,5,1000,0,0,0,0,0,0.0,0,0,0,1171.261,1500,0
550,C9__Frolicer,9,1,1,4,100.0,0,0,1000,0,1,1,0,0,38.724823,0,0,0,1527.823,1500,0
551,C9__Stab,9,0,0,1,34.47126,0,1,1000,0,0,0,0,0,0.0,0,0,0,1323.91,1500,0
552,Method__AndyPyro,2,0,0,0,0.0,0,0,1000,0,0,0,0,0,0.0,0,0,0,587.305,1500,0
553,Method__MOLNMAN,2,0,2,4,313.933838,0,2,1000,0,2,2,0,0,96.64381,0,0,0,1707.004,1500,0
554,Method__Aitzy,2,5,2,2,401.359924,2,3,1000,0,2,5,0,0,142.4785,0,0,0,2022.791,1500,0
555,Method__RAPHYYY,2,0,2,5,147.584763,0,0,1000,0,0,0,0,0,0.0,0,0,0,1511.634,1500,0
556,Ghost__Miccoy,11,0,0,0,0.0,0,0,1000,0,0,0,0,0,0.0,0,0,0,903.129,1500,0
557,Ghost__BALLOC,11,0,0,1,0.0,0,3,1000,0,0,0,0,0,0.0,0,0,0,757.36,1500,0
558,Ghost__Turtle,11,0,0,1,55.6936,0,5,1000,0,0,0,0,0,0.0,0,0,0,762.77,1500,0
559,Ghost__Pr0phie,11,1,0,3,196.640656,0,4,1000,0,0,0,0,0,0.0,0,0,0,1509.279,1500,0
560,TS__Meluke,3,3,0,1,532.2244,0,3,1000,0,2,5,0,0,192.28685,0,0,0,1987.423,1500,0
561,TS__Zanpah,3,2,3,5,509.1179,1,4,1000,0,2,3,0,0,111.570656,0,0,0,1978.816,1500,0
562,WC__Sharpshot,3,0,1,3,313.227661,0,2,1000,0,0,0,0,0,0.0,0,1,0,1953.818,1500,0
563,TS__YaBoiDre,3,0,3,2,284.577728,0,6,1000,0,1,1,0,0,174.88681,0,0,0,1894.691,1500,0
564,KNIGHTS__Krama,12,0,0,0,56.6386948,0,1,1000,0,0,0,0,0,0.0,0,0,0,1321.727,1500,0
565,KNIGHTS__Draedon,12,0,0,1,75.28056,0,1,1000,0,0,0,0,0,0.0,0,0,0,1502.458,1500,0
566,KNIGHTS__Voxsic,12,0,0,1,123.458633,0,1,1000,0,0,0,0,0,0.0,0,0,0,1494.76,1500,0
567,KNIGHTS__TEXQS,12,0,0,1,55.530468,0,1,1000,0,0,0,0,0,0.0,0,0,0,1405.253,1500,0
568,Vitality__shadow,13,1,0,3,79.0,1,7,1000,0,1,1,0,0,28.3183842,0,0,0,1449.829,1500,0
569,Vitality__Shiv,13,0,0,3,14.8689575,0,1,1000,0,0,0,0,0,0.0,0,0,0,1098.616,1500,0
570,Vitality__mOnKey,13,1,0,3,256.715332,0,2,1000,0,1,1,0,0,52.4911,0,1,0,1430.611,1500,0
571,Vitality__oraxe,13,1,1,4,193.693115,1,8,1000,0,1,1,0,0,4.3144865,0,0,0,1467.161,1500,0
572,FlyQ__Poonage,10,0,0,4,158.971512,0,1,1000,0,0,0,0,0,0.0,0,0,0,1080.025,1500,0
573,FlyQ__Sharky,10,0,0,4,29.8634949,0,2,1000,0,0,0,0,0,0.0,0,1,0,1099.257,1500,0
574,FlyQ__Microstar,10,1,2,3,264.969757,0,0,1000,0,1,1,0,0,44.6320763,0,0,0,1069.065,1500,0
575,FlyQ__SteezyBB,10,1,0,6,48.62923,1,2,1000,0,2,3,0,0,95.3059,0,0,0,1517.29,1500,0
576,Totality__Purdy,4,5,4,5,567.427,0,2,1000,0,1,5,0,0,102.064453,0,0,0,1919.489,1500,0
577,Totality__Smithy,4,3,2,5,453.6103,2,6,1000,0,1,4,0,0,180.269684,0,1,0,1926.258,1500,0
578,Totality__Terro,4,1,3,6,392.139618,1,2,1000,0,1,2,0,0,219.7613,0,0,0,1951.143,1500,0
579,Totality__LosHD,4,1,1,2,235.793259,0,1,1000,0,1,2,0,0,376.2469,0,0,0,1649.7,1500,0
580,SSG__Vexyl,14,2,1,2,242.208618,0,4,1000,0,2,2,0,0,39.8208733,0,0,0,1309.902,1500,0
581,SSG__SMURF10Fs,14,0,0,3,0.0,0,3,1000,0,0,0,0,0,0.0,0,0,0,1341.099,1500,0
582,SSG__DmasteR,14,1,0,2,39.818367,0,6,1000,0,1,1,0,0,60.93501,0,0,0,1414.89,1500,0
583,SSG__Hwinn,14,1,0,4,234.198685,0,3,1000,0,1,1,0,0,14.744175,0,0,0,1414.893,1500,0
584,nV__Jesselol,1,1,2,4,287.426147,0,4,1000,0,0,0,0,0,0.0,0,0,0,2022.825,1500,0
585,nV__Czechshooter,1,1,0,5,33.6818,0,1,1000,0,1,1,0,0,57.6423149,0,0,0,2022.825,1500,0
586,nV__Venerated,1,0,0,3,0.8967178,0,7,1000,0,0,0,0,0,0.0,0,0,0,1605.992,1500,0
587,nV__CAD3N,1,3,2,5,672.158,1,3,1000,0,1,1,0,0,171.894119,0,0,0,2022.825,1500,0
588,FaZe__Jembty,8,0,0,2,0.0,0,2,1000,0,0,0,0,0,0.0,0,1,0,1233.345,1500,0
589,FaZe__Haxete,8,0,0,3,131.115555,0,8,1000,0,0,0,0,0,0.0,0,0,0,1588.019,1500,0
590,FaZe__Fuzzface,8,0,0,2,0.0,0,2,1000,0,0,0,0,0,0.0,0,0,0,1050.474,1500,0
591,FaZe__mxey,8,0,1,2,147.9329,0,8,1000,0,1,1,0,0,171.641663,0,0,0,1588.016,1500,0
592,OpTic__Bahawaka,6,2,1,6,338.24472,0,2,1000,0,1,3,0,0,271.807,0,0,0,1689.903,1500,0
593,OpTic__Hetror,6,3,5,3,830.2619,0,2,1000,0,1,2,0,0,217.277283,0,0,0,1674.454,1500,0
594,OpTic__hypoc,6,1,2,3,579.9559,1,3,1000,0,1,3,0,0,177.20726,0,0,0,1665.825,1500,0
595,OpTic__Valliate,6,1,2,2,143.79599,0,1,1000,0,1,1,0,0,267.58432,0,0,0,1803.351,1500,0
596,DIG__Wookie,7,1,0,2,203.873459,0,1,1000,0,0,0,0,0,0.0,0,0,0,1486.862,1500,0
597,DIG__Caint,7,1,0,2,213.216,0,2,1000,0,1,2,0,0,62.4541245,0,1,0,1594.835,1500,0
598,DIG__Adam,7,0,1,2,149.32489,0,6,1000,0,0,0,0,0,0.0,0,1,0,1624.743,1500,0
599,DIG__Uncivil,7,0,0,3,82.9158249,0,1,1000,0,0,0,0,0,0.0,0,0,0,1591.019,1500,0
600,NRG__Nerf,15,0,0,0,7.40741444,0,0,1000,0,0,0,0,0,0.0,0,0,0,564.741,1500,0
601,NRG__Zhnark,15,1,0,3,60.7898369,0,1,1000,0,1,1,0,0,13.6124392,0,1,0,1357.996,1500,0
602,NRG__Kaymind,15,0,0,0,0.0,0,0,1000,0,0,0,0,0,0.0,0,0,0,561.45,1500,0
603,NRG__pentalol,15,1,1,3,152.594437,1,9,1000,0,1,1,0,0,39.1403046,0,1,0,1394.231,1500,0
604,nV__CAD3N,12,3,2,5,431.726685,0,7,1000,0,1,1,0,0,110.8162,0,1,0,1527.163,1500,0
605,nV__Jesselol,12,1,0,3,116.033577,0,2,1000,0,1,1,0,0,49.6479721,0,1,0,1485.317,1500,0
606,nV__Venerated,12,1,1,4,322.048828,1,8,1000,0,1,1,0,0,2.238019,0,0,0,1473.605,1500,0
607,nV__Czechshooter,12,1,0,3,80.0,0,2,1000,0,1,1,0,0,8.488047,0,0,0,1527.16,1500,0
608,A__Ciggzy,8,0,1,2,48.4009247,0,1,1000,0,0,0,0,0,0.0,0,0,0,1677.193,1500,0
609,A__Realzx,8,0,0,0,129.138626,0,0,1000,0,0,0,0,0,0.0,0,0,0,1323.453,1500,0
610,A__veazyy,8,0,0,2,67.0237,0,1,1000,0,0,0,0,0,0.0,0,0,0,1301.623,1500,0
611,A__Teabone,8,0,0,1,74.5878143,0,2,1000,0,1,1,0,0,79.64489,0,0,0,1367.422,1500,0
612,Totality__Purdy,9,1,0,3,178.80249,0,0,1000,0,0,0,0,0,0.0,0,0,0,1331.898,1500,0
613,Totality__Smithy,9,0,0,1,0.0531033725,0,1,1000,0,0,0,0,0,0.0,0,0,0,1221.802,1500,0
614,Totality__LosHD,9,0,0,3,0.0,0,2,1000,0,0,0,0,0,0.0,0,0,0,1624.466,1500,0
615,Totality__Terro,9,0,0,2,4.08391857,0,3,1000,0,0,0,0,0,0.0,0,0,0,1345.369,1500,0
616,KNIGHTS__Voxsic,11,0,1,1,134.948288,0,0,1000,0,0,0,0,0,0.0,0,0,0,1518.104,1500,0
617,KNIGHTS__Draedon,11,1,1,1,129.478729,1,1,1000,0,1,1,0,0,3.28773165,0,0,0,1541.571,1500,0
618,KNIGHTS__Krama,11,1,2,3,118.536896,0,1,1000,0,1,1,0,0,102.111679,0,1,0,1541.568,1500,0
619,KNIGHTS__TEXQS,11,1,1,3,276.6104,0,4,1000,0,1,1,0,0,199.945313,0,0,0,1500.947,1500,0
620,FlyQ__Poonage,1,3,2,6,575.8149,1,1,1000,0,1,3,0,0,237.431213,0,0,0,1936.316,1500,0
621,FlyQ__Microstar,1,4,2,2,420.899048,0,0,1000,0,1,1,0,0,87.65894,0,0,0,2033.209,1500,0
622,FlyQ__SteezyBB,1,4,1,2,292.310242,1,0,1000,0,1,5,0,0,337.423859,0,0,0,2027.967,1500,0
623,FlyQ__Sharky,1,4,2,5,823.768066,0,2,1000,0,2,5,0,0,171.576584,0,0,0,2033.209,1500,0
624,Vitality__shadow,14,0,0,1,160.417282,0,2,1000,0,0,0,0,0,0.0,0,0,0,1373.854,1500,0
625,Vitality__mOnKey,14,0,0,1,202.943741,0,0,1000,0,0,0,0,0,0.0,0,0,0,1328.36,1500,0
626,Vitality__Shiv,14,1,0,1,68.28686,0,0,1000,0,0,0,0,0,0.0,0,0,0,1312.106,1500,0
627,Vitality__oraxe,14,0,0,1,36.1989,0,1,1000,0,0,0,0,0,0.0,0,0,0,1421.451,1500,0
628,FaZe__Jembty,2,2,1,1,545.0999,1,1,1000,0,1,2,0,0,37.5401077,0,0,0,1724.825,1500,0
629,FaZe__Fuzzface,2,1,1,3,186.5604,1,0,1000,0,2,2,0,0,71.73693,0,1,0,2033.174,1500,0
630,FaZe__mxey,2,3,0,4,447.662933,1,4,1000,0,1,3,0,0,254.977142,0,0,0,2033.177,1500,0
631,FaZe__Haxete,2,1,0,3,402.099426,0,2,1000,0,0,0,0,0,0.0,0,0,0,1930.664,1500,0
632,OpTic__Hetror,7,2,2,2,132.7677,0,3,1000,0,1,1,0,0,267.519379,0,1,0,1734.644,1500,0
633,OpTic__Valliate,7,0,2,2,163.4698,0,4,1000,0,0,0,0,0,0.0,0,0,0,1652.224,1500,0
634,OpTic__hypoc,7,0,1,3,366.1091,0,3,1000,0,1,1,0,0,220.988846,0,1,0,1652.221,1500,0
635,OpTic__Bahawaka,7,1,1,4,366.40448,0,5,1000,0,2,2,0,0,75.9030457,0,1,0,1734.647,1500,0
636,Method__MOLNMAN,13,2,0,4,372.2345,1,8,1000,0,1,4,0,0,204.528671,0,0,0,1514.75,1500,0
637,Method__AndyPyro,13,0,2,2,154.645615,0,3,1000,0,1,1,0,0,55.608593,0,0,0,1002.719,1500,0
638,Method__RAPHYYY,13,1,0,0,100.0,0,0,1000,0,0,0,0,0,0.0,0,0,0,379.521,1500,0
639,Method__Aitzy,13,1,2,2,202.367081,0,4,1000,0,1,1,0,0,276.506744,0,1,0,1516.75,1500,0
640,DIG__Caint,6,0,0,3,82.32235,0,9,1000,0,0,0,0,0,0.0,0,0,0,1594.084,1500,0
641,DIG__Adam,6,0,0,0,23.3788757,0,0,1000,0,0,0,0,0,0.0,0,0,0,1623.714,1500,0
642,DIG__Wookie,6,0,0,3,185.065,0,3,1000,0,1,1,0,0,12.2467051,0,1,0,1760.322,1500,0
643,DIG__Uncivil,6,1,0,4,100.0,0,2,1000,0,0,0,0,0,0.0,0,1,0,1781.706,1500,0
644,SSG__Hwinn,3,2,0,5,355.95993,1,5,1000,0,1,1,0,0,73.47162,0,2,0,2003.986,1500,0
645,SSG__DmasteR,3,2,0,7,227.10321,0,9,1000,0,1,3,0,0,70.95805,0,0,0,1934.439,1500,0
646,SSG__Vexyl,3,0,0,0,0.0,0,0,1000,0,0,0,0,0,0.0,0,0,0,454.925,1500,0
647,SSG__SMURF10Fs,3,1,2,3,258.758545,0,3,1000,0,1,2,0,0,372.710144,0,0,0,1937.51,1500,0
648,TS__Meluke,5,0,1,2,65.015,0,4,1000,0,0,0,0,0,0.0,0,0,0,1725.065,1500,0
649,TS__YaBoiDre,5,3,2,4,430.27594,0,5,1000,0,2,3,0,0,235.609116,0,1,0,1641.735,1500,0
650,TS__Zanpah,5,4,2,3,631.8405,1,3,1000,0,1,3,0,0,24.5816383,0,1,0,1884.725,1500,0
651,WC__Sharpshot,5,1,1,3,288.642517,0,10,1000,0,1,1,0,0,233.8879,0,0,0,1548.271,1500,0
652,Ghost__Miccoy,4,0,0,1,0.0,0,4,1000,0,0,0,0,0,0.0,0,0,0,1909.204,1500,0
653,Ghost__Pr0phie,4,0,0,0,0.0,0,0,1000,0,0,0,0,0,0.0,0,0,0,610.153,1500,0
654,Ghost__BALLOC,4,1,1,4,253.692963,0,3,1000,0,1,1,0,0,42.6163826,0,0,0,1909.206,1500,0
655,Ghost__Turtle,4,2,0,1,338.953735,2,0,1000,0,1,2,0,0,222.0496,0,1,0,1756.044,1500,0
656,TG__MORTIFY,16,2,0,2,185.29808,0,2,1000,0,1,1,0,0,3.59993672,0,0,0,1007.666,1500,0
657,TG__Cillo,16,1,0,1,74.05113,0,0,1000,0,1,1,0,0,27.6382866,0,0,0,768.556,1500,0
658,TG__Exko,16,1,0,1,100.0,0,1,1000,0,0,0,0,0,0.0,0,0,0,796.59,1500,0
659,TG__Mossy,16,0,1,2,148.575165,0,2,1000,0,0,0,0,0,0.0,0,1,0,934.748,1500,0
660,C9__Reum,10,0,0,3,4.527459,0,0,1000,0,0,0,0,0,0.0,0,1,0,1278.04,1500,0
661,C9__Frolicer,10,0,0,2,25.7462158,0,1,1000,0,0,0,0,0,0.0,0,0,0,1254.233,1500,0
662,C9__Stab,10,0,1,2,72.45507,0,2,1000,0,0,0,0,0,0.0,0,0,0,1350.982,1500,0
663,C9__Moody,10,2,2,1,345.341919,0,7,1000,0,1,1,0,0,79.70396,0,1,0,1612.333,1500,0
664,es_NA-PPC_1,1,0,0,0,0.0,0,0,1000,0,0,0,0,0,0.0,0,0,0,0.847,1500,0
665,WC__Sharpshot,3,0,1,2,189.322784,0,2,1000,0,0,0,0,0,0.0,0,1,0,1868.766,1500,0
666,TS__Zanpah,3,2,2,4,551.8505,1,5,1000,0,1,3,0,0,314.356567,0,0,0,1868.769,1500,0
667,TS__Meluke,3,1,0,0,97.5214844,1,0,1000,0,1,1,0,0,28.1773014,0,0,0,676.481,1500,0
668,TS__YaBoiDre,3,0,2,0,172.252625,0,1,1000,0,0,0,0,0,0.0,0,0,0,1777.538,1500,0
669,TG__Cillo,8,0,0,1,0.0,0,0,1000,0,0,0,0,0,0.0,0,0,0,802.976,1500,0
670,TG__Mossy,8,0,0,3,190.052872,0,9,1000,0,1,1,0,0,88.8744,0,0,0,1598.877,1500,0
671,TG__MORTIFY,8,1,0,3,287.045654,0,0,1000,0,0,0,0,0,0.0,0,1,0,1604.944,1500,0
672,TG__Exko,8,3,0,4,260.1188,0,1,1000,0,1,3,0,0,269.974457,0,0,0,1604.942,1500,0
673,C9__Moody,5,2,0,2,283.029633,0,1,1000,0,1,1,0,0,59.25392,0,0,0,1609.853,1500,0
674,C9__Stab,5,0,0,0,176.457245,0,0,1000,0,1,1,0,0,83.45425,0,0,0,1612.86,1500,0
675,C9__Reum,5,0,2,3,99.52173,0,1,1000,0,0,0,0,0,0.0,0,0,0,1766.82,1500,0
676,C9__Frolicer,5,1,0,4,171.236542,0,1,1000,0,1,2,0,0,104.290466,0,0,0,1766.822,1500,0
677,SSG__Vexyl,2,2,1,2,58.922905,0,6,1000,0,1,1,0,0,90.1808,0,0,0,1900.811,1500,0
678,SSG__SMURF10Fs,2,1,0,1,278.391418,0,4,1000,0,1,1,0,0,155.570419,0,0,0,1905.807,1500,0
679,SSG__DmasteR,2,0,0,1,90.57855,0,9,1000,0,0,0,0,0,0.0,0,0,0,1711.554,1500,0
680,SSG__Hwinn,2,1,1,1,465.138428,0,6,1000,0,1,1,0,0,122.186035,0,0,0,1819.076,1500,0
681,nV__Venerated,16,0,0,0,5.04433346,0,1,1000,0,0,0,0,0,0.0,0,0,0,895.523,1500,0
682,nV__Jesselol,16,0,0,3,47.0407066,0,0,1000,0,0,0,0,0,0.0,0,0,0,1144.199,1500,0
683,nV__CAD3N,16,0,0,0,19.3465061,0,3,1000,0,0,0,0,0,0.0,0,0,0,1228.19,1500,0
684,nV__Czechshooter,16,0,0,2,0.0,0,1,1000,0,0,0,0,0,0.0,0,1,0,1179.688,1500,0
685,Totality__Purdy,9,1,0,2,100.0,0,2,1000,0,1,1,0,0,196.527359,0,0,0,930.783,1500,0
686,Totality__Smithy,9,0,1,7,199.853745,0,8,1000,0,0,0,0,0,0.0,0,0,0,1592.396,1500,0
687,Totality__Terro,9,1,1,4,3.73336029,0,7,1000,0,1,1,0,0,89.93164,0,1,0,1600.164,1500,0
688,Totality__LosHD,9,1,1,4,214.00975,0,4,1000,0,1,1,0,0,9.704364,0,0,0,1600.166,1500,0
689,Vitality__mOnKey,11,0,0,5,72.6643143,0,3,1000,0,0,0,0,0,0.0,0,0,0,1553.456,1500,0
690,Vitality__oraxe,11,0,0,0,0.0,0,0,1000,0,0,0,0,0,0.0,0,0,0,1149.624,1500,0
691,Vitality__shadow,11,0,0,0,113.599548,0,0,1000,0,0,0,0,0,0.0,0,0,0,1151.099,1500,0
692,Vitality__Shiv,11,0,0,4,24.95882,0,3,1000,0,0,0,0,0,0.0,0,1,0,1313.274,1500,0
693,NRG__Kaymind,10,1,2,4,337.9864,0,4,1000,0,1,1,0,0,213.604858,0,0,0,1586.393,1500,0
694,NRG__Zhnark,10,0,0,0,4.5051,0,0,1000,0,0,0,0,0,0.0,0,0,0,477.354,1500,0
695,NRG__Nerf,10,3,1,4,305.8354,0,2,1000,0,1,3,0,0,202.042465,0,0,0,1585.858,1500,0
696,NRG__pentalol,10,1,0,0,80.8134,0,0,1000,0,0,0,0,0,0.0,0,0,0,1062.762,1500,0
697,OpTic__Bahawaka,6,1,2,5,301.044128,0,3,1000,0,1,1,0,0,21.5382156,0,1,0,1594.245,1500,0
698,OpTic__Hetror,6,0,0,3,82.1927948,0,1,1000,0,0,0,0,0,0.0,0,0,0,1594.926,1500,0
699,OpTic__hypoc,6,0,0,0,0.0,0,1,1000,0,0,0,0,0,0.0,0,0,0,699.533,1500,0
700,OpTic__Valliate,6,1,0,6,129.708069,1,1,1000,0,1,2,0,0,23.5732346,0,0,0,1757.379,1500,0
701,FaZe__Jembty,1,1,4,5,628.714539,1,2,1000,0,1,4,0,0,196.303146,0,0,0,1905.84,1500,0
702,FaZe__Haxete,1,1,1,5,271.168121,0,10,1000,0,1,1,0,0,217.895172,0,0,0,1905.84,1500,0
703,FaZe__Fuzzface,1,6,0,4,843.4818,2,4,1000,0,2,6,0,0,171.089172,0,0,0,1905.84,1500,0
704,FaZe__mxey,1,2,0,2,158.9761,1,0,1000,0,2,2,0,0,71.01522,0,0,0,1279.736,1500,0
705,Ghost__Turtle,13,0,1,3,76.89939,0,7,1000,0,0,0,0,0,0.0,0,0,0,1418.692,1500,0
706,Ghost__Pr0phie,13,1,0,3,78.9699554,0,9,1000,0,1,1,0,0,306.9023,0,1,0,1435.806,1500,0
707,Ghost__Miccoy,13,1,1,3,205.264954,1,6,1000,0,1,1,0,0,64.0016861,0,0,0,1352.03,1500,0
708,Ghost__BALLOC,13,0,1,4,233.053833,0,5,1000,0,0,0,0,0,0.0,0,0,0,1502.189,1500,0
709,KNIGHTS__Draedon,14,0,1,4,44.3182144,0,4,1000,0,0,0,0,0,0.0,0,1,0,1392.234,1500,0
710,KNIGHTS__Krama,14,2,0,2,229.023575,1,2,1000,0,1,2,0,0,141.273651,0,0,0,1414.867,1500,0
711,KNIGHTS__TEXQS,14,1,0,0,94.23208,0,0,1000,0,1,1,0,0,6.92534971,0,0,0,496.642,1500,0
712,KNIGHTS__Voxsic,14,0,0,3,0.0,0,4,1000,0,0,0,0,0,0.0,0,0,0,1091.668,1500,0
713,DIG__Caint,4,2,0,4,336.661346,0,4,1000,0,1,1,0,0,57.8552361,0,1,0,1783.14,1500,0
714,DIG__Wookie,4,0,1,3,154.1318,1,1,1000,0,1,1,0,0,88.32413,0,0,0,1783.138,1500,0
715,DIG__Adam,4,2,2,0,306.4601,1,1,1000,0,1,1,0,0,78.83528,0,1,0,1737.057,1500,0
716,DIG__Uncivil,4,3,1,2,349.395538,0,3,1000,0,1,3,0,0,487.7401,0,1,0,1776.798,1500,0
717,Method__MOLNMAN,12,0,2,4,158.620438,0,12,1000,0,0,0,0,0,0.0,0,0,0,1539.31,1500,0
718,Method__AndyPyro,12,0,0,5,52.41932,0,6,1000,0,0,0,0,0,0.0,0,0,0,1428.26,1500,0
719,Method__Aitzy,12,0,1,3,98.0719757,1,4,1000,0,1,1,0,0,141.789047,0,0,0,1508.112,1500,0
720,Method__RAPHYYY,12,1,1,4,380.3329,0,4,1000,0,1,2,0,0,285.1587,0,1,0,1539.308,1500,0
721,A__Realzx,7,2,0,3,477.7451,1,1,1000,0,1,1,0,0,1.87792647,0,0,0,1511.525,1500,0
722,A__Teabone,7,0,0,0,2.49983931,0,0,1000,0,0,0,0,0,0.0,0,0,0,681.887,1500,0
723,A__Ciggzy,7,1,2,2,483.652039,1,0,1000,0,2,2,0,0,54.15099,0,0,0,1663.346,1500,0
724,A__veazyy,7,2,1,1,278.425,0,0,1000,0,1,1,0,0,213.452164,0,0,0,1663.344,1500,0
725,FlyQ__Sharky,15,1,0,5,179.622025,0,2,1000,0,1,1,0,0,97.7437439,0,0,0,1304.911,1500,0
726,FlyQ__SteezyBB,15,0,1,2,77.11745,0,2,1000,0,0,0,0,0,0.0,0,0,0,1171.011,1500,0
727,FlyQ__Microstar,15,2,0,0,221.854248,1,0,1000,0,1,1,0,0,2.4430747,0,0,0,714.321,1500,0
728,FlyQ__Poonage,15,0,0,4,124.113686,0,0,1000,0,0,0,0,0,0.0,0,0,0,1264.8,1500,0
729,Vitality__shadow,11,4,0,4,498.794678,1,1,1000,0,3,5,0,0,167.093216,0,0,0,1546.619,1500,0
730,Vitality__mOnKey,11,0,1,2,80.4091644,0,2,1000,0,0,0,0,0,0.0,0,0,0,1372.827,1500,0
731,Vitality__oraxe,11,0,1,2,65.99953,0,1,1000,0,0,0,0,0,0.0,0,0,0,1338.231,1500,0
732,Vitality__Shiv,11,3,1,6,595.453735,1,7,1000,0,2,4,0,0,83.7942657,0,1,0,1583.369,1500,0
733,A__veazyy,13,0,0,1,25.8,0,4,1000,0,0,0,0,0,0.0,0,0,0,1372.225,1500,0
734,A__Teabone,13,2,0,1,425.5615,0,0,1000,0,1,2,0,0,101.546143,0,0,0,1379.643,1500,0
735,A__Realzx,13,0,0,4,5.109701,0,4,1000,0,0,0,0,0,0.0,0,0,0,1379.64,1500,0
736,A__Ciggzy,13,0,0,0,93.1962662,0,0,1000,0,0,0,0,0,0.0,0,0,0,1366.62,1500,0
737,Method__RAPHYYY,4,3,0,5,258.677856,0,7,1000,0,3,5,0,0,46.94025,0,0,0,1917.286,1500,0
738,Method__Aitzy,4,1,0,0,116.152908,0,0,1000,0,0,0,0,0,0.0,0,0,0,1344.82,1500,0
739,Method__MOLNMAN,4,0,0,1,95.41243,0,0,1000,0,0,0,0,0,0.0,0,0,0,1370.065,1500,0
740,Method__AndyPyro,4,0,0,3,79.0027161,0,7,1000,0,0,0,0,0,0.0,0,0,0,1370.063,1500,0
741,C9__Moody,7,2,3,1,448.19043,0,5,1000,0,1,1,0,0,150.381042,0,0,0,1741.792,1500,0
742,C9__Stab,7,1,0,1,27.5234718,1,3,1000,0,1,1,0,0,213.740143,0,0,0,1741.795,1500,0
743,C9__Reum,7,2,1,1,186.000015,0,1,1000,0,1,1,0,0,32.30533,0,0,0,1704.309,1500,0
744,C9__Frolicer,7,3,3,0,406.4239,0,0,1000,0,2,2,0,0,242.01947,0,0,0,1679.136,1500,0
745,DIG__Caint,5,1,2,5,134.763123,0,7,1000,0,0,0,0,0,0.0,0,1,0,1870.163,1500,0
746,DIG__Uncivil,5,1,1,6,554.317139,0,2,1000,0,1,1,0,0,16.793129,0,1,0,1870.166,1500,0
747,DIG__Adam,5,1,0,2,40.86906,0,1,1000,0,1,1,0,0,22.944561,0,0,0,1566.793,1500,0
748,DIG__Wookie,5,4,2,3,368.43396,1,2,1000,0,2,3,0,0,21.5822144,0,2,0,1775.303,1500,0
749,TG__MORTIFY,10,0,0,3,76.93941,0,1,1000,0,0,0,0,0,0.0,0,0,0,1599.62,1500,0
750,TG__Exko,10,1,1,3,148.489487,0,0,1000,0,1,1,0,0,152.546692,0,0,0,1556.88,1500,0
751,TG__Mossy,10,0,1,4,194.193542,0,2,1000,0,0,0,0,0,0.0,0,1,0,1570.461,1500,0
752,TG__Cillo,10,1,1,1,330.483276,0,3,1000,0,1,2,0,0,152.385345,0,0,0,1603.859,1500,0
753,Ghost__Miccoy,6,1,0,8,219.33725,0,5,1000,0,0,0,0,0,0.0,0,0,0,1792.353,1500,0
754,Ghost__BALLOC,6,1,1,4,69.33907,0,15,1000,0,0,0,0,0,0.0,0,0,0,1005.798,1500,0
755,Ghost__Turtle,6,0,0,4,57.2758255,0,6,1000,0,0,0,0,0,0.0,0,0,0,1375.269,1500,0
756,Ghost__Pr0phie,6,0,0,5,36.765,0,1,1000,0,0,0,0,0,0.0,0,0,0,1375.273,1500,0
757,NRG__Nerf,14,0,0,2,80.2899551,0,3,1000,0,0,0,0,0,0.0,0,0,0,1206.315,1500,0
758,NRG__Zhnark,14,0,0,0,64.8224945,0,0,1000,0,0,0,0,0,0.0,0,0,0,1203.266,1500,0
759,NRG__Kaymind,14,0,0,0,110.70842,0,0,1000,0,0,0,0,0,0.0,0,0,0,1218.83,1500,0
760,NRG__pentalol,14,0,0,0,145.69458,0,0,1000,0,0,0,0,0,0.0,0,0,0,1213.279,1500,0
761,OpTic__Bahawaka,3,2,1,9,432.0385,0,3,1000,0,1,3,0,0,36.02594,0,0,0,1926.587,1500,0
762,OpTic__Hetror,3,1,2,2,304.7852,0,3,1000,0,1,2,0,0,30.7323856,0,2,0,1926.582,1500,0
763,OpTic__hypoc,3,1,1,6,134.635834,1,3,1000,0,1,1,0,0,179.007751,0,0,0,1926.584,1500,0
764,OpTic__Valliate,3,1,3,1,251.104126,0,4,1000,0,0,0,0,0,0.0,0,0,0,1562.882,1500,0
765,nV__Jesselol,9,2,0,3,356.1872,0,5,1000,0,1,1,0,0,26.536562,0,1,0,1690.491,1500,0
766,nV__Czechshooter,9,0,0,6,53.89361,0,11,1000,0,0,0,0,0,0.0,0,0,0,1656.655,1500,0
767,nV__CAD3N,9,1,1,1,284.539063,1,3,1000,0,1,1,0,0,38.5234146,0,0,0,1690.489,1500,0
768,nV__Venerated,9,1,0,2,155.484833,0,5,1000,0,1,1,0,0,12.3682442,0,0,0,1464.852,1500,0
769,Totality__Purdy,12,0,0,5,23.4175014,0,0,1000,0,0,0,0,0,0.0,0,0,0,1406.311,1500,0
770,Totality__Smithy,12,0,0,2,0.0,0,0,1000,0,0,0,0,0,0.0,0,0,0,1406.313,1500,0
771,Totality__Terro,12,0,0,2,25.65869,0,4,1000,0,0,0,0,0,0.0,0,0,0,1406.388,1500,0
772,Totality__LosHD,12,0,0,3,19.8768044,0,3,1000,0,0,0,0,0,0.0,0,0,0,1405.934,1500,0
773,FaZe__Haxete,1,1,2,1,418.5886,1,3,1000,0,1,2,0,0,276.2383,0,0,0,1945.803,1500,0
774,FaZe__mxey,1,1,1,1,292.7795,2,2,1000,0,1,3,0,0,206.78476,0,1,0,1945.803,1500,0
775,FaZe__Fuzzface,1,0,0,2,350.27298,0,2,1000,0,1,1,0,0,31.8793488,0,0,0,1945.803,1500,0
776,FaZe__Jembty,1,1,0,5,328.341766,0,3,1000,0,1,1,0,0,268.646271,0,0,0,1945.803,1500,0
777,SSG__Hwinn,8,0,1,5,251.503433,1,12,1000,0,1,1,0,0,57.53854,0,0,0,1559.531,1500,0
778,SSG__Vexyl,8,0,0,3,22.59171,0,4,1000,0,0,0,0,0,0.0,0,0,0,1535.951,1500,0
779,SSG__SMURF10Fs,8,0,0,1,80.01624,0,0,1000,0,0,0,0,0,0.0,0,0,0,1346.199,1500,0
780,SSG__DmasteR,8,0,0,4,65.30304,0,3,1000,0,1,1,0,0,89.8687439,0,0,0,1693.31,1500,0
781,WC__Sharpshot,16,0,0,0,2.25255,0,0,1000,0,0,0,0,0,0.0,0,0,0,1109.266,1500,0
782,TS__Zanpah,16,0,0,1,74.49202,0,0,1000,0,0,0,0,0,0.0,0,0,0,1099.562,1500,0
783,TS__Meluke,16,0,0,0,0.0,0,0,1000,0,0,0,0,0,0.0,0,0,0,1099.064,1500,0
784,TS__YaBoiDre,16,0,0,1,3.17397165,0,0,1000,0,0,0,0,0,0.0,0,0,0,1124.321,1500,0
785,KNIGHTS__Draedon,2,1,1,1,320.4344,0,2,1000,0,1,2,0,0,41.18821,0,1,0,1606.729,1500,0
786,KNIGHTS__Voxsic,2,2,0,4,469.094421,1,2,1000,0,1,2,0,0,236.531036,0,0,0,1765.48,1500,0
787,KNIGHTS__Krama,2,6,1,6,797.4204,3,2,1000,0,2,7,0,0,81.12754,0,0,0,1945.766,1500,0
788,KNIGHTS__TEXQS,2,2,4,4,411.343231,0,1,1000,0,1,1,0,0,43.9607239,0,0,0,1601.797,1500,0
789,FlyQ__Microstar,15,0,0,0,161.104111,0,1,1000,0,0,0,0,0,0.0,0,0,0,1174.41,1500,0
790,FlyQ__SteezyBB,15,0,0,3,26.460001,0,1,1000,0,0,0,0,0,0.0,0,0,0,1161.323,1500,0
791,FlyQ__Sharky,15,0,0,0,0.0,0,0,1000,0,0,0,0,0,0.0,0,0,0,1151.183,1500,0
792,FlyQ__Poonage,15,1,0,1,113.991455,0,0,1000,0,0,0,0,0,0.0,0,0,0,1134.608,1500,0
793,C9__Frolicer,16,0,0,0,34.83,0,0,1000,0,0,0,0,0,0.0,0,0,0,609.696,1500,0
794,C9__Stab,16,0,0,1,17.300148,0,3,1000,0,0,0,0,0,0.0,0,0,0,802.813,1500,0
795,C9__Moody,16,0,0,0,31.2132359,0,0,1000,0,0,0,0,0,0.0,0,0,0,785.884,1500,0
796,C9__Reum,16,0,0,0,0.0,0,0,1000,0,0,0,0,0,0.0,0,0,0,769.591,1500,0
797,Method__Aitzy,9,0,4,1,82.5959549,0,2,1000,0,0,0,0,0,0.0,0,0,0,1692.876,1500,0
798,Method__RAPHYYY,9,5,0,4,604.9611,0,5,1000,0,1,3,0,0,34.6196136,0,0,0,1765.094,1500,0
799,Method__AndyPyro,9,0,0,1,50.9790344,0,0,1000,0,0,0,0,0,0.0,0,0,0,1042.303,1500,0
800,Method__MOLNMAN,9,0,0,3,56.1296539,0,1,1000,0,0,0,0,0,0.0,0,0,0,1495.812,1500,0
801,Vitality__shadow,5,0,0,1,89.01726,0,1,1000,0,0,0,0,0,0.0,0,0,0,1697.46,1500,0
802,Vitality__oraxe,5,3,2,4,859.953552,0,3,1000,0,1,1,0,0,8.233793,0,0,0,1931.032,1500,0
803,Vitality__mOnKey,5,3,3,6,643.83606,1,6,1000,0,2,6,0,0,43.1554832,0,0,0,2004.807,1500,0
804,Vitality__Shiv,5,0,0,3,116.983696,0,1,1000,0,1,1,0,0,187.145081,0,0,0,1020.954,1500,0
805,KNIGHTS__Draedon,4,1,1,7,100.0,1,6,1000,0,1,2,0,0,310.531342,0,0,0,2008.587,1500,0
806,KNIGHTS__Voxsic,4,1,2,2,90.23863,0,2,1000,0,1,1,0,0,9.155194,0,1,0,1515.201,1500,0
807,KNIGHTS__Krama,4,1,1,1,187.546066,0,2,1000,0,1,1,0,0,133.836365,0,1,0,1519.879,1500,0
808,KNIGHTS__TEXQS,4,1,0,3,149.485245,1,3,1000,0,1,1,0,0,19.8255386,0,0,0,1533.917,1500,0
809,FlyQ__Poonage,2,4,1,4,316.699982,1,1,1000,0,1,2,0,0,189.33934,0,0,0,1603.312,1500,0
810,FlyQ__Microstar,2,0,0,0,107.961021,0,0,1000,0,0,0,0,0,0.0,0,0,0,2033.83,1500,0
811,FlyQ__SteezyBB,2,0,1,0,1.79056025,0,0,1000,0,0,0,0,0,0.0,0,0,0,1132.519,1500,0
812,FlyQ__Sharky,2,4,2,3,475.7197,1,2,1000,0,1,2,0,0,188.2152,0,0,0,2033.832,1500,0
813,FaZe__Fuzzface,1,0,1,3,704.6372,0,4,1000,0,1,4,0,0,30.2628689,0,0,0,2033.869,1500,0
814,FaZe__mxey,1,1,0,5,337.9792,0,2,1000,0,1,3,0,0,285.970032,0,1,0,2033.869,1500,0
815,FaZe__Haxete,1,1,3,5,396.1425,0,12,1000,0,1,1,0,0,8.254727,0,0,0,2033.869,1500,0
816,FaZe__Jembty,1,1,6,2,583.642761,2,1,1000,0,1,3,0,0,213.527649,0,1,0,2033.869,1500,0
817,TG__Mossy,11,0,1,1,7.1788516,0,0,1000,0,0,0,0,0,0.0,0,0,0,1056.065,1500,0
818,TG__Exko,11,1,0,4,172.828827,0,0,1000,0,1,1,0,0,11.6946554,0,0,0,1703.881,1500,0
819,TG__Cillo,11,0,0,6,41.13961,0,1,1000,0,0,0,0,0,0.0,0,0,0,1714.111,1500,0
820,TG__MORTIFY,11,0,0,3,27.4858189,0,0,1000,0,0,0,0,0,0.0,0,0,0,1365.698,1500,0
821,Ghost__Miccoy,15,0,0,0,30.1431484,0,0,1000,0,0,0,0,0,0.0,0,0,0,1032.409,1500,0
822,Ghost__BALLOC,15,0,0,4,5.763886,0,4,1000,0,0,0,0,0,0.0,0,0,0,1204.85,1500,0
823,Ghost__Turtle,15,0,0,2,154.900665,0,5,1000,0,0,0,0,0,0.0,0,0,1,1158.718,1500,0
824,Ghost__Pr0phie,15,0,0,0,0.0,0,0,1000,0,0,0,0,0,0.0,0,0,0,1138.951,1500,0
825,Totality__Purdy,13,0,2,1,15.5161343,0,4,1000,0,0,0,0,0,0.0,0,0,0,1488.773,1500,0
826,Totality__Smithy,13,0,0,1,210.360611,0,1,1000,0,0,0,0,0,0.0,0,0,0,1496.083,1500,0
827,Totality__Terro,13,1,0,3,62.53186,0,2,1000,0,1,1,0,0,161.247177,0,0,0,1674.798,1500,0
828,Totality__LosHD,13,2,0,2,221.476349,0,0,1000,0,0,0,0,0,0.0,0,0,0,1580.869,1500,0
829,SSG__Vexyl,7,2,0,5,219.698944,1,3,1000,0,1,1,0,0,30.1886826,0,1,0,1889.561,1500,0
830,SSG__SMURF10Fs,7,1,1,3,217.004623,0,4,1000,0,0,0,0,0,0.0,0,0,0,1870.835,1500,0
831,SSG__Hwinn,7,0,0,4,84.8903351,0,3,1000,0,0,0,0,0,0.0,0,0,0,1881.833,1500,0
832,SSG__DmasteR,7,0,1,5,59.35645,0,4,1000,0,0,0,0,0,0.0,0,1,0,1872.826,1500,0
833,TS__YaBoiDre,3,0,0,1,66.0316238,0,0,1000,0,0,0,0,0,0.0,0,0,0,1074.767,1500,0
834,WC__Sharpshot,3,2,0,5,332.217316,0,9,1000,0,1,1,0,0,11.2109118,0,0,0,2021.817,1500,0
835,TS__Meluke,3,0,0,4,12.2082462,0,6,1000,0,0,0,0,0,0.0,0,1,0,1229.756,1500,0
836,TS__Zanpah,3,0,0,0,4.36564,0,0,1000,0,0,0,0,0,0.0,0,1,0,931.397,1500,0
837,A__Teabone,6,1,2,2,513.767761,1,0,1000,0,1,3,0,0,110.139366,0,0,0,1998.84,1500,0
838,A__veazyy,6,1,1,1,56.9318848,0,0,1000,0,0,0,0,0,0.0,0,0,0,1084.178,1500,0
839,A__Realzx,6,3,1,3,280.384552,0,7,1000,0,1,4,0,0,197.1319,0,2,0,1511.489,1500,0
840,A__Ciggzy,6,0,0,3,52.4681129,0,4,1000,0,0,0,0,0,0.0,0,1,0,1519.943,1500,0
841,DIG__Caint,14,0,0,1,0.0,0,0,1000,0,0,0,0,0,0.0,0,0,0,882.143,1500,0
842,DIG__Uncivil,14,1,1,2,138.445313,0,0,1000,0,0,0,0,0,0.0,0,1,0,1582.159,1500,0
843,DIG__Adam,14,1,0,1,210.985,1,2,1000,0,1,1,0,0,3.62745452,0,0,0,917.816,1500,0
844,DIG__Wookie,14,1,0,0,97.51236,0,0,1000,0,1,1,0,0,9.492955,0,0,0,882.984,1500,0
845,nV__Venerated,8,1,4,3,319.663422,0,3,1000,0,1,2,0,0,148.64064,0,0,0,1783.372,1500,0
846,nV__CAD3N,8,4,3,2,324.304016,1,1,1000,0,1,1,0,0,43.2309532,0,0,0,1881.228,1500,0
847,nV__Czechshooter,8,0,1,2,109.942307,0,2,1000,0,0,0,0,0,0.0,0,0,0,1780.583,1500,0
848,nV__Jesselol,8,0,2,2,118.642784,0,2,1000,0,0,0,0,0,0.0,0,1,0,1789.668,1500,0
849,OpTic__Bahawaka,12,2,0,0,307.122467,1,0,1000,0,2,2,0,0,2.8764112,0,0,0,889.707,1500,0
850,OpTic__Valliate,12,1,0,1,10.1145267,0,1,1000,0,0,0,0,0,0.0,0,0,1,1277.297,1500,0
851,OpTic__Hetror,12,0,0,0,2.48764014,0,0,1000,0,0,0,0,0,0.0,0,0,0,863.874,1500,0
852,OpTic__hypoc,12,1,0,5,181.320831,0,1,1000,0,1,1,0,0,1.0098542,0,0,0,1713.848,1500,0
853,NRG__Nerf,10,1,0,1,222.5573,0,0,1000,0,1,1,0,0,2.07350564,0,0,0,1531.878,1500,0
854,NRG__pentalol,10,0,0,2,186.057922,0,7,1000,0,0,0,0,0,0.0,0,0,0,1538.232,1500,0
855,NRG__Kaymind,10,0,2,3,70.4109039,0,2,1000,0,0,0,0,0,0.0,0,0,0,1647.157,1500,0
856,NRG__Zhnark,10,0,0,2,285.028961,1,1,1000,0,1,2,0,0,129.757584,0,0,0,1742.856,1500,0
857,Vitality__mOnKey,4,0,0,3,229.135757,0,2,1000,0,0,0,0,0,0.0,0,1,0,1953.342,1500,0
858,Vitality__Shiv,4,5,2,5,583.4666,0,3,1000,0,1,3,0,0,203.745651,0,0,0,1953.349,1500,0
859,Vitality__shadow,4,2,1,5,451.4974,1,7,1000,0,1,2,0,0,278.588776,0,0,0,1953.344,1500,0
860,Vitality__oraxe,4,2,0,2,411.6422,0,4,1000,0,1,2,0,0,165.914352,0,0,0,1953.347,1500,0
861,DIG__Uncivil,13,1,1,1,116.274757,2,5,1000,0,2,2,0,0,196.044144,0,0,0,1293.18,1500,0
862,DIG__Wookie,13,4,2,5,481.52594,0,6,1000,0,1,1,0,0,108.2734,0,1,0,1379.732,1500,0
863,DIG__Adam,13,2,0,2,159.503372,0,7,1000,0,1,2,0,0,227.052155,0,0,0,1524.679,1500,0
864,DIG__Caint,13,0,2,2,74.1056442,0,4,1000,0,0,0,0,0,0.0,0,0,0,1524.833,1500,0
865,KNIGHTS__Voxsic,5,3,0,6,205.060425,1,8,1000,0,2,2,0,0,61.98726,0,1,0,1892.193,1500,0
866,KNIGHTS__Draedon,5,0,0,6,92.26812,0,2,1000,0,1,1,0,0,192.718628,0,0,0,1904.019,1500,0
867,KNIGHTS__Krama,5,3,2,8,768.0846,2,6,1000,0,1,3,0,0,59.36506,0,0,0,1762.523,1500,0
868,KNIGHTS__TEXQS,5,0,1,3,501.120026,0,4,1000,0,1,1,0,0,191.262436,0,0,0,1772.409,1500,0
869,A__Teabone,11,1,0,1,415.215851,0,0,1000,0,0,0,0,0,0.0,0,0,0,1542.828,1500,0
870,A__veazyy,11,0,0,1,87.29455,0,4,1000,0,0,0,0,0,0.0,0,0,0,1615.055,1500,0
871,A__Realzx,11,3,0,2,455.047668,0,4,1000,0,0,0,0,0,0.0,0,3,0,1673.106,1500,0
872,A__Ciggzy,11,0,0,1,83.78234,0,7,1000,0,0,0,0,0,0.0,0,0,0,1673.493,1500,0
873,Totality__Smithy,14,0,1,1,263.770935,0,0,1000,0,0,0,0,0,0.0,0,0,0,1321.565,1500,0
874,Totality__Terro,14,2,1,2,350.32135,0,2,1000,0,1,2,0,0,153.214127,0,0,0,1319.856,1500,0
875,Totality__Purdy,14,0,1,3,160.074615,0,1,1000,0,1,1,0,0,13.4807644,0,0,0,1440.844,1500,0
876,Totality__LosHD,14,0,2,2,247.1225,0,1,1000,0,0,0,0,0,0.0,0,0,0,1324.917,1500,0
877,nV__Jesselol,7,0,1,6,184.612625,0,2,1000,0,0,0,0,0,0.0,0,0,0,1700.681,1500,0
878,nV__Venerated,7,0,0,1,7.876658,0,1,1000,0,0,0,0,0,0.0,0,0,0,1325.188,1500,0
879,nV__CAD3N,7,2,0,3,209.726,0,1,1000,0,0,0,0,0,0.0,0,0,0,1348.671,1500,0
880,nV__Czechshooter,7,0,0,6,100.0,0,7,1000,0,1,1,0,0,2.28300023,0,0,0,1773.005,1500,0
881,NRG__Nerf,8,0,1,1,141.9,0,0,1000,0,0,0,0,0,0.0,0,0,0,1061.515,1500,0
882,NRG__Kaymind,8,1,0,0,123.117195,0,0,1000,0,1,1,0,0,31.5513859,0,0,0,1033.409,1500,0
883,NRG__Zhnark,8,1,2,2,316.661163,0,1,1000,0,1,1,0,0,48.82734,0,1,0,1332.958,1500,0
884,NRG__pentalol,8,0,0,6,42.2140045,0,11,1000,0,1,1,0,0,2.70281339,0,0,0,1726.842,1500,0
885,FlyQ__SteezyBB,12,0,0,6,3.09462833,0,3,1000,0,0,0,0,0,0.0,0,0,0,1535.149,1500,0
886,FlyQ__Microstar,12,0,0,2,0.0,0,0,1000,0,0,0,0,0,0.0,0,0,0,1178.733,1500,0
887,FlyQ__Sharky,12,0,1,3,76.93225,0,0,1000,0,0,0,0,0,0.0,0,0,0,1174.647,1500,0
888,FlyQ__Poonage,12,0,0,1,101.51973,0,0,1000,0,0,0,0,0,0.0,0,0,0,1167.818,1500,0
889,Method__Aitzy,6,0,0,3,36.6770325,0,7,1000,0,0,0,0,0,0.0,0,0,0,1269.166,1500,0
890,Method__RAPHYYY,6,1,0,4,332.147766,0,4,1000,0,0,0,0,0,0.0,0,2,0,1579.822,1500,0
891,Method__AndyPyro,6,1,0,8,301.852753,0,19,1000,0,1,1,0,0,183.546783,0,0,0,1873.46,1500,0
892,Method__MOLNMAN,6,0,0,0,0.0,0,0,1000,0,0,0,0,0,0.0,0,0,0,541.228,1500,0
893,TS__YaBoiDre,1,2,3,4,206.3444,1,2,1000,0,1,2,0,0,149.8688,0,0,0,2027.813,1500,0
894,WC__Sharpshot,1,1,0,5,295.02182,2,8,1000,0,3,4,0,0,157.910812,0,0,0,1963.618,1500,0
895,TS__Meluke,1,0,4,3,374.86142,1,6,1000,0,1,1,0,0,24.092968,0,2,0,2027.813,1500,0
896,TS__Zanpah,1,6,1,4,740.9855,1,2,1000,0,4,8,0,0,73.95494,0,1,0,2027.813,1500,0
897,C9__Moody,16,0,0,0,2.14588785,0,0,1000,0,0,0,0,0,0.0,0,0,0,529.064,1500,0
898,C9__Frolicer,16,0,0,0,13.14825,0,0,1000,0,0,0,0,0,0.0,0,0,0,526.278,1500,0
899,C9__Stab,16,0,0,3,0.0,0,0,1000,0,0,0,0,0,0.0,0,0,0,1344.252,1500,0
900,C9__Reum,16,0,0,0,4.53993368,0,0,1000,0,0,0,0,0,0.0,0,0,0,478.054,1500,0
901,TG__Cillo,10,1,1,1,15.2454,0,0,1000,0,0,0,0,0,0.0,0,0,0,1173.301,1500,0
902,TG__Exko,10,1,0,4,139.824585,0,2,1000,0,1,1,0,0,3.56646967,0,0,0,1455.418,1500,0
903,TG__MORTIFY,10,1,0,6,147.8346,0,2,1000,0,1,1,0,0,7.58844137,0,0,0,1703.807,1500,0
904,TG__Mossy,10,0,0,5,11.452652,0,8,1000,0,0,0,0,0,0.0,0,0,0,1613.954,1500,0
905,FaZe__mxey,9,1,0,3,239.6733,0,2,1000,0,1,1,0,0,181.032,0,1,0,1708.163,1500,0
906,FaZe__Haxete,9,3,1,3,718.167542,0,6,1000,0,2,2,0,0,15.5739384,0,2,0,1709.857,1500,0
907,FaZe__Fuzzface,9,1,1,2,156.76,0,6,1000,0,0,0,0,0,0.0,0,1,0,1714.024,1500,0
908,FaZe__Jembty,9,4,2,2,408.689758,1,7,1000,0,1,2,0,0,78.8810959,0,0,0,1716.931,1500,0
909,Ghost__Miccoy,15,0,0,3,0.0,0,0,1000,0,0,0,0,0,0.0,0,0,0,1396.502,1500,0
910,Ghost__Pr0phie,15,0,0,3,32.60328,0,3,1000,0,0,0,0,0,0.0,0,0,0,1067.099,1500,0
911,Ghost__Turtle,15,1,0,0,110.006371,0,1,1000,0,1,1,0,0,27.3135014,0,0,0,1069.196,1500,0
912,Ghost__BALLOC,15,1,1,3,192.010742,0,0,1000,0,0,0,0,0,0.0,0,1,0,1057.157,1500,0
913,SSG__DmasteR,2,0,0,0,0.0,0,0,1000,0,0,0,0,0,0.0,0,0,0,784.715,1500,0
914,SSG__SMURF10Fs,2,0,1,1,102.466537,0,1,1000,0,0,0,0,0,0.0,0,0,0,1917.002,1500,0
915,SSG__Vexyl,2,2,0,2,254.683731,0,2,1000,0,1,1,0,0,141.900848,0,0,0,2027.775,1500,0
916,SSG__Hwinn,2,1,0,4,156.7708,0,4,1000,0,1,1,0,0,33.8991,0,0,0,1922.959,1500,0
917,OpTic__Hetror,3,3,3,2,426.916565,1,7,1000,0,1,2,0,0,34.8855438,0,1,0,2003.783,1500,0
918,OpTic__hypoc,3,0,1,4,409.125427,1,5,1000,0,1,3,0,0,182.415955,0,0,0,1995.782,1500,0
919,OpTic__Bahawaka,3,0,1,4,143.594742,0,2,1000,0,0,0,0,0,0.0,0,0,0,1955.876,1500,0
920,OpTic__Valliate,3,0,0,3,217.473114,0,11,1000,0,1,1,0,0,83.24338,0,0,0,1925.229,1500,0
921,nV__Jesselol,11,1,0,3,132.219727,0,3,1000,0,1,1,0,0,36.5521,0,0,0,1421.391,1500,0
922,nV__CAD3N,11,0,1,3,97.78194,0,6,1000,0,0,0,0,0,0.0,0,1,0,1404.881,1500,0
923,nV__Venerated,11,2,1,4,281.96048,0,21,1000,0,1,1,0,0,76.77791,0,0,0,1421.395,1500,0
924,nV__Czechshooter,11,1,0,2,144.662018,0,0,1000,0,0,0,0,0,0.0,0,1,0,1421.393,1500,0
925,WC__Sharpshot,1,9,0,8,1040.59924,2,6,1000,0,4,11,0,0,218.605164,0,0,0,2026.508,1500,0
926,TS__Zanpah,1,0,3,5,221.595215,0,1,1000,0,1,1,0,0,18.9917412,0,2,0,1754.247,1500,0
927,TS__Meluke,1,0,0,3,272.7566,0,3,1000,0,0,0,0,0,0.0,0,0,0,2025.808,1500,0
928,TS__YaBoiDre,1,2,0,2,332.014984,1,1,1000,0,2,3,0,0,21.0937786,0,0,0,1555.964,1500,0
929,NRG__Nerf,15,0,0,3,42.7933235,0,6,1000,0,0,0,0,0,0.0,0,0,0,1235.478,1500,0
930,NRG__Zhnark,15,0,0,0,47.7236443,0,0,1000,0,0,0,0,0,0.0,0,0,0,1235.471,1500,0
931,NRG__Kaymind,15,1,0,2,102.509705,0,1,1000,0,0,0,0,0,0.0,0,0,0,1235.474,1500,0
932,NRG__pentalol,15,0,0,0,54.4045563,0,0,1000,0,0,0,0,0,0.0,0,0,0,1235.476,1500,0
933,SSG__Vexyl,13,0,0,3,49.8662338,0,0,1000,0,0,0,0,0,0.0,0,0,0,1359.781,1500,0
934,SSG__DmasteR,13,0,0,2,22.51813,0,0,1000,0,0,0,0,0,0.0,0,0,0,1359.784,1500,0
935,SSG__SMURF10Fs,13,0,1,0,1.44010639,0,0,1000,0,0,0,0,0,0.0,0,0,0,473.262,1500,0
936,SSG__Hwinn,13,0,0,1,37.7951241,0,0,1000,0,1,1,0,0,79.76938,0,0,0,1289.839,1500,0
937,KNIGHTS__Voxsic,2,2,4,6,223.12915,0,2,1000,0,2,2,0,0,169.146667,0,2,0,2026.476,1500,0
938,KNIGHTS__Krama,2,2,8,7,574.9524,0,5,1000,0,2,3,0,0,124.944275,0,1,0,2002.165,1500,0
939,KNIGHTS__Draedon,2,4,0,3,617.9509,1,2,1000,0,1,4,0,0,474.3147,0,0,0,2026.473,1500,0
940,KNIGHTS__TEXQS,2,2,1,6,154.3624,0,2,1000,0,1,3,0,0,417.701324,0,1,0,1743.061,1500,0
941,Totality__LosHD,5,2,2,5,203.880341,0,5,1000,0,1,2,0,0,29.0602131,0,0,0,1730.938,1500,0
942,Totality__Terro,5,1,1,2,142.952744,0,2,1000,0,1,2,0,0,265.555145,0,0,0,1696.234,1500,0
943,Totality__Purdy,5,1,1,1,266.058136,1,0,1000,0,1,1,0,0,6.49321175,0,0,0,1007.502,1500,0
944,Totality__Smithy,5,1,2,6,345.828033,1,6,1000,0,1,2,0,0,144.440445,0,1,0,1730.941,1500,0
945,DIG__Caint,9,0,0,5,22.0015,0,1,1000,0,0,0,0,0,0.0,0,0,0,1534.785,1500,0
946,DIG__Uncivil,9,0,0,2,17.9103317,0,0,1000,0,0,0,0,0,0.0,0,0,0,984.113,1500,0
947,DIG__Wookie,9,0,0,0,0.0,0,0,1000,0,0,0,0,0,0.0,0,0,0,603.124,1500,0
948,DIG__Adam,9,0,0,3,80.3623352,0,6,1000,0,0,0,0,0,0.0,0,0,0,1534.788,1500,0
949,Method__Aitzy,6,0,0,2,295.753418,0,6,1000,0,0,0,0,0,0.0,0,0,0,1698.973,1500,0
950,Method__MOLNMAN,6,1,3,1,379.933228,0,0,1000,0,1,1,0,0,27.4011,0,0,0,1698.976,1500,0
951,Method__RAPHYYY,6,3,2,3,428.942322,0,4,1000,0,0,0,0,0,0.0,0,1,0,1698.979,1500,0
952,Method__AndyPyro,6,3,0,0,613.6526,0,0,1000,0,1,1,0,0,148.59079,0,0,0,1686.819,1500,0
953,TG__MORTIFY,10,1,0,5,113.889671,0,2,1000,0,1,1,0,0,49.2911873,0,1,0,1515.431,1500,0
954,TG__Cillo,10,0,0,2,96.92796,0,0,1000,0,0,0,0,0,0.0,0,0,0,1513.745,1500,0
955,TG__Exko,10,0,0,7,64.9551544,0,10,1000,0,0,0,0,0,0.0,0,0,0,1490.086,1500,0
956,TG__Mossy,10,1,2,5,353.8012,0,7,1000,0,0,0,0,0,0.0,0,1,0,1514.372,1500,0
957,FlyQ__Sharky,14,0,0,2,113.868835,0,2,1000,0,1,1,0,0,213.094864,0,0,0,1329.134,1500,0
958,FlyQ__Microstar,14,1,1,2,30.6082249,0,2,1000,0,1,1,0,0,100.433884,0,0,0,1329.14,1500,0
959,FlyQ__SteezyBB,14,0,1,1,171.304626,0,0,1000,0,0,0,0,0,0.0,0,0,0,1329.137,1500,0
960,FlyQ__Poonage,14,1,0,3,117.724945,0,0,1000,0,0,0,0,0,0.0,0,0,1,1319.792,1500,0
961,FaZe__Fuzzface,8,0,0,0,11.2527,0,0,1000,0,0,0,0,0,0.0,0,0,0,663.213,1500,0
962,FaZe__Jembty,8,1,0,1,84.04605,0,0,1000,0,0,0,0,0,0.0,0,1,0,766.793,1500,0
963,FaZe__mxey,8,0,0,1,65.68258,0,2,1000,0,0,0,0,0,0.0,0,0,0,790.896,1500,0
964,FaZe__Haxete,8,0,0,3,88.4944458,0,5,1000,0,0,0,0,0,0.0,0,0,0,1583.974,1500,0
965,Ghost__Miccoy,4,1,1,2,359.838043,0,1,1000,0,1,2,0,0,495.917877,0,0,0,1661.438,1500,0
966,Ghost__Turtle,4,0,0,4,0.0,0,15,1000,0,0,0,0,0,0.0,0,0,0,1680.915,1500,0
967,Ghost__Pr0phie,4,0,1,0,316.960663,0,1,1000,0,0,0,0,0,0.0,0,0,0,1662.049,1500,0
968,Ghost__BALLOC,4,3,0,5,379.7771,0,6,1000,0,2,3,0,0,14.4677763,0,0,0,1978.237,1500,0
969,A__veazyy,3,1,2,5,347.868469,1,16,1000,0,1,2,0,0,16.7073212,0,0,0,2009.99,1500,0
970,A__Ciggzy,3,1,3,2,155.133286,1,0,1000,0,1,1,0,0,162.199127,0,0,0,1709.103,1500,0
971,A__Realzx,3,2,4,5,325.520569,0,5,1000,0,1,1,0,0,178.278336,0,0,0,1916.253,1500,0
972,A__Teabone,3,4,1,6,701.2565,1,6,1000,0,2,4,0,0,213.665588,0,1,0,2014.599,1500,0
973,OpTic__Bahawaka,16,0,1,0,56.0917358,0,0,1000,0,0,0,0,0,0.0,0,0,0,1160.205,1500,0
974,OpTic__Hetror,16,0,1,1,144.9224,0,2,1000,0,0,0,0,0,0.0,0,0,0,1207.346,1500,0
975,OpTic__Valliate,16,1,1,0,121.509071,0,0,1000,0,1,1,0,0,12.7519913,0,0,0,1011.55,1500,0
976,OpTic__hypoc,16,1,0,3,138.999435,0,0,1000,0,1,1,0,0,67.053,0,0,0,1012.264,1500,0
977,C9__Reum,7,0,0,5,181.749466,0,17,1000,0,0,0,0,0,0.0,0,1,0,1592.138,1500,0
978,C9__Frolicer,7,1,0,6,286.391418,0,5,1000,0,1,2,0,0,242.363968,0,0,0,1365.631,1500,0
979,C9__Moody,7,1,1,2,320.091827,0,2,1000,0,0,0,0,0,0.0,0,0,0,1540.264,1500,0
980,C9__Stab,7,2,0,4,337.764252,1,1,1000,0,3,3,0,0,70.1648254,0,1,0,1434.744,1500,0
981,Vitality__oraxe,12,0,0,1,37.1518631,0,0,1000,0,0,0,0,0,0.0,0,0,0,795.335,1500,0
982,Vitality__mOnKey,12,0,1,1,64.111824,0,0,1000,0,0,0,0,0,0.0,0,0,0,1411.049,1500,0
983,Vitality__shadow,12,0,0,2,190.756088,0,2,1000,0,0,0,0,0,0.0,0,0,0,1411.052,1500,0
984,Vitality__Shiv,12,0,0,0,0.0,0,0,1000,0,0,0,0,0,0.0,0,0,0,518.638,1500,0
985,FlyQ__SteezyBB,16,0,1,0,119.97,0,0,1000,0,0,0,0,0,0.0,0,0,0,1169.825,1500,0
986,FlyQ__Sharky,16,0,0,4,64.95256,0,0,1000,0,0,0,0,0,0.0,0,0,0,1094.737,1500,0
987,FlyQ__Poonage,16,0,0,3,208.701111,0,3,1000,0,0,0,0,0,0.0,0,0,0,1096.31,1500,0
988,FlyQ__Microstar,16,0,0,1,74.8698,0,0,1000,0,0,0,0,0,0.0,0,0,0,1105.635,1500,0
989,Method__Aitzy,6,3,0,1,270.79,3,2,1000,0,2,3,0,0,23.318655,0,0,0,1133.084,1500,0
990,Method__AndyPyro,6,1,2,2,221.058533,0,1,1000,0,0,0,0,0,0.0,0,1,0,1110.75,1500,0
991,Method__MOLNMAN,6,0,1,4,67.88257,1,0,1000,0,1,1,0,0,2.63389778,0,0,0,1734.814,1500,0
992,Method__RAPHYYY,6,0,1,0,1.69799149,0,0,1000,0,0,0,0,0,0.0,0,0,0,652.843,1500,0
993,SSG__Hwinn,7,2,0,1,411.2801,1,1,1000,0,1,3,0,0,79.66733,0,0,0,1602.502,1500,0
994,SSG__Vexyl,7,0,0,0,0.0,0,0,1000,0,0,0,0,0,0.0,0,0,0,347.414,1500,0
995,SSG__SMURF10Fs,7,0,1,3,0.0,0,2,1000,0,0,0,0,0,0.0,0,0,0,1606.698,1500,0
996,SSG__DmasteR,7,2,1,1,201.37616,0,1,1000,0,1,1,0,0,22.9551849,0,0,0,1600.733,1500,0
997,nV__CAD3N,11,0,0,6,22.7949562,0,7,1000,0,0,0,0,0,0.0,0,0,0,1503.668,1500,0
998,nV__Czechshooter,11,1,1,6,232.6036,1,3,1000,0,1,1,0,0,69.719696,0,0,0,1515.726,1500,0
999,nV__Venerated,11,2,0,3,423.76,0,0,1000,0,1,1,0,0,41.62985,0,1,0,1521.872,1500,0
1000,nV__Jesselol,11,0,1,1,185.557449,0,6,1000,0,1,1,0,0,71.0455246,0,2,0,1521.869,1500,0
1001,A__veazyy,9,0,1,1,56.2080154,0,1,1000,0,0,0,0,0,0.0,0,0,0,1498.241,1500,0
1002,A__Realzx,9,1,0,0,258.77182,0,1,1000,0,0,0,0,0,0.0,0,0,0,1588.345,1500,0
1003,A__Teabone,9,1,0,0,149.405136,0,0,1000,0,1,1,0,0,170.55838,0,0,0,1486.368,1500,0
1004,A__Ciggzy,9,3,1,0,202.665237,0,0,1000,0,2,2,0,0,189.443436,0,1,0,1575.633,1500,0
1005,KNIGHTS__Draedon,12,0,0,1,39.286377,0,1,1000,0,0,0,0,0,0.0,0,1,0,1400.362,1500,0
1006,KNIGHTS__Krama,12,4,0,2,464.781342,0,2,1000,0,1,1,0,0,32.69719,0,0,0,1400.367,1500,0
1007,KNIGHTS__Voxsic,12,1,0,1,200.564377,0,0,1000,0,1,1,0,0,3.55484676,0,0,0,1400.365,1500,0
1008,KNIGHTS__TEXQS,12,0,2,2,169.4205,0,9,1000,0,0,0,0,0,0.0,0,0,0,1333.636,1500,0
1009,Ghost__Pr0phie,3,3,0,3,610.0383,0,9,1000,0,2,2,0,0,23.8547421,0,1,0,1698.736,1500,0
1010,Ghost__Turtle,3,0,0,3,241.5247,0,1,1000,0,1,1,0,0,10.4263973,0,0,0,1704.899,1500,0
1011,Ghost__Miccoy,3,1,1,5,356.995239,0,3,1000,0,2,2,0,0,13.5911894,0,0,0,1778.314,1500,0
1012,Ghost__BALLOC,3,6,2,3,653.477661,1,1,1000,0,3,6,0,0,245.086792,0,0,0,1688.927,1500,0
1013,TG__Cillo,15,0,0,0,0.0,0,0,1000,0,0,0,0,0,0.0,0,0,0,683.939,1500,0
1014,TG__Mossy,15,0,1,6,77.40849,0,5,1000,0,0,0,0,0,0.0,0,0,0,1234.499,1500,0
1015,TG__MORTIFY,15,1,1,6,165.821777,0,0,1000,0,1,1,0,0,51.1767235,0,1,0,1185.724,1500,0
1016,TG__Exko,15,0,0,0,0.0,0,0,1000,0,0,0,0,0,0.0,0,0,0,629.857,1500,0
1017,Vitality__mOnKey,4,1,0,2,224.350861,0,4,1000,0,0,0,0,0,0.0,0,1,0,1582.407,1500,0
1018,Vitality__oraxe,4,1,1,4,195.945862,0,6,1000,0,0,0,0,0,0.0,0,1,0,1513.069,1500,0
1019,Vitality__Shiv,4,0,0,1,5.13709259,0,0,1000,0,0,0,0,0,0.0,0,0,0,748.999,1500,0
1020,Vitality__shadow,4,0,1,1,80.8996,0,2,1000,0,0,0,0,0,0.0,0,0,0,1767.706,1500,0
1021,DIG__Adam,10,0,0,1,32.8020248,0,9,1000,0,0,0,0,0,0.0,0,0,0,1528.831,1500,0
1022,DIG__Wookie,10,1,1,4,50.9276237,0,13,1000,0,0,0,0,0,0.0,0,0,0,1532.791,1500,0
1023,DIG__Uncivil,10,0,1,3,91.86438,0,0,1000,0,0,0,0,0,0.0,0,1,0,1532.796,1500,0
1024,DIG__Caint,10,0,0,3,41.6188736,0,2,1000,0,0,0,0,0,0.0,0,0,0,1532.794,1500,0
1025,C9__Stab,13,1,0,3,168.526367,0,5,1000,0,0,0,0,0,0.0,0,0,0,1366.166,1500,0
1026,C9__Reum,13,0,1,1,92.28462,0,2,1000,0,0,0,0,0,0.0,0,1,0,1366.163,1500,0
1027,C9__Frolicer,13,1,0,1,204.004761,0,3,1000,0,1,1,0,0,81.15284,0,0,0,1337.284,1500,0
1028,C9__Moody,13,0,0,2,262.442139,1,5,1000,0,1,1,0,0,151.315979,0,0,0,1287.491,1500,0
1029,FaZe__Haxete,1,1,2,1,406.45462,0,3,1000,0,1,3,0,0,493.310547,0,2,0,1885.839,1500,0
1030,FaZe__Jembty,1,0,3,4,276.1964,0,1,1000,0,0,0,0,0,0.0,0,1,0,1732.736,1500,0
1031,FaZe__Fuzzface,1,1,5,5,435.8723,0,17,1000,0,1,1,0,0,351.314545,0,0,0,1885.839,1500,0
1032,FaZe__mxey,1,3,2,5,756.769043,2,3,1000,0,1,5,0,0,298.721832,0,0,0,1885.839,1500,0
1033,NRG__Nerf,2,6,1,3,466.151917,3,2,1000,0,1,5,0,0,355.862,0,1,0,1838.957,1500,0
1034,NRG__Zhnark,2,2,4,3,665.085,2,3,1000,0,2,4,0,0,132.085464,0,0,0,1748.817,1500,0
1035,NRG__Kaymind,2,4,3,2,1007.35327,1,4,1000,0,1,3,0,0,402.7146,0,1,0,1885.803,1500,0
1036,NRG__pentalol,2,2,5,5,792.107,1,9,1000,0,1,3,0,0,206.723145,0,0,0,1885.801,1500,0
1037,OpTic__Bahawaka,5,0,1,3,180.49971,0,3,1000,0,0,0,0,0,0.0,0,0,0,1741.811,1500,0
1038,OpTic__Hetror,5,2,2,6,177.153473,1,2,1000,0,1,2,0,0,351.430939,0,0,0,1741.806,1500,0
1039,OpTic__Valliate,5,2,1,4,154.142288,0,3,1000,0,1,1,0,0,181.2643,0,0,0,1741.809,1500,0
1040,OpTic__hypoc,5,1,0,5,182.867584,0,0,1000,0,1,1,0,0,33.7987061,0,0,0,1739.829,1500,0
1041,TS__YaBoiDre,8,0,0,4,44.0453033,0,2,1000,0,0,0,0,0,0.0,0,0,0,1592.377,1500,0
1042,TS__Zanpah,8,1,0,4,138.9246,0,4,1000,0,0,0,0,0,0.0,0,0,0,1541.578,1500,0
1043,WC__Sharpshot,8,0,0,2,55.04989,0,0,1000,0,0,0,0,0,0.0,0,0,0,1546.953,1500,0
1044,TS__Meluke,8,0,0,4,56.436554,0,0,1000,0,0,0,0,0,0.0,0,0,0,1506.441,1500,0
1045,Totality__Purdy,14,0,0,4,40.6457253,0,5,1000,0,0,0,0,0,0.0,0,0,0,1324.243,1500,0
1046,Totality__Smithy,14,0,0,0,0.0,0,0,1000,0,0,0,0,0,0.0,0,0,0,508.663,1500,0
1047,Totality__Terro,14,0,0,1,9.45539951,0,1,1000,0,0,0,0,0,0.0,0,0,0,751.129,1500,0
1048,Totality__LosHD,14,0,0,3,43.8085938,0,5,1000,0,0,0,0,0,0.0,0,0,0,1303.133,1500,0
