,tournamentId,createdAt,matchId
0,eu-pcs6,2022-04-29T16:43:48Z,04db9d39-6e6a-4be0-a836-4171ff9679d8
1,eu-pcs6,2022-04-29T17:26:10Z,8a0ce267-2852-4cc0-89b6-a269981235e4
2,eu-pcs6,2022-04-29T18:08:09Z,e183604d-e8dd-4798-8163-3d5dee3f6ca4
3,eu-pcs6,2022-04-29T18:58:23Z,9e54b757-6a9b-456f-ad4f-c87aeb2e5a9a
4,eu-pcs6,2022-04-29T19:43:42Z,a3a1de84-259a-46c4-b9f8-ae0ac70c726d
5,eu-pcs6,2022-04-30T16:44:09Z,ee699b5d-d6a6-46fb-a1e2-b1e8f395a9c5
6,eu-pcs6,2022-04-30T17:26:30Z,0835b094-d49e-4b9a-8234-86f08e8f4ce4
7,eu-pcs6,2022-04-30T18:09:05Z,a30d1554-4dcd-4459-9c97-76ae2323d518
8,eu-pcs6,2022-04-30T18:51:41Z,cedf633b-5a62-417d-bd32-a44839e5d5da
9,eu-pcs6,2022-04-30T19:34:38Z,bff839cc-8b81-47e4-9249-6f49f87835ea
10,eu-pcs6,2022-05-01T16:44:04Z,8c1f6b52-d143-4085-8356-879a7a9490f9
11,eu-pcs6,2022-05-01T17:27:47Z,867808f6-ebdf-42db-95fe-61b120f1eb6c
12,eu-pcs6,2022-05-01T18:10:47Z,4334b4bb-3b44-4afe-9a4f-b6dbb77392ba
13,eu-pcs6,2022-05-01T18:56:08Z,37aaea8c-5b6d-49b2-a342-aff5eba75e95
14,eu-pcs6,2022-05-01T19:43:58Z,e9af4664-16ef-4cd8-8bdc-6ac20afde3ec
15,as-pcs6,2022-04-29T09:47:34Z,a46829ff-5724-4f27-b906-bf9e18c5c299
16,as-pcs6,2022-04-29T10:27:24Z,b4466acd-385a-4eb8-aa1b-33916910a6eb
17,as-pcs6,2022-04-29T11:13:18Z,28d51093-941d-4683-bc15-de50e8a731cc
18,as-pcs6,2022-04-29T11:51:51Z,8c1b1565-db9f-42d5-8a7c-bc0eec32242d
19,as-pcs6,2022-04-29T12:36:42Z,5dbdb593-59aa-485c-aed4-099119b233a1
20,as-pcs6,2022-04-30T09:50:52Z,fc7a0319-b210-4eca-a826-0e3bc905e798
21,as-pcs6,2022-04-30T10:30:08Z,752fad9a-6480-46c6-81dd-fa642ea5b0ef
22,as-pcs6,2022-04-30T11:17:56Z,6194c52c-7772-4957-b8eb-4a29beff3515
23,as-pcs6,2022-04-30T12:03:09Z,606ef87b-f81f-4996-b500-1215e6c8f159
24,as-pcs6,2022-04-30T12:47:40Z,95e522d3-d543-4093-97bb-42aadb164f36
25,as-pcs6,2022-05-01T09:37:17Z,9c44b051-a486-4a85-a641-bfb1cd53d0c4
26,as-pcs6,2022-05-01T10:18:28Z,e8bd5c0c-c49e-4dd8-8971-61e246b718d1
27,as-pcs6,2022-05-01T11:00:46Z,f0ee2ffb-f07b-420d-b470-8828d60881e9
28,as-pcs6,2022-05-01T11:36:04Z,5a241327-6f5a-4d36-907e-20563341aa49
29,as-pcs6,2022-05-01T12:24:42Z,4714a2b9-e0a2-492b-9b5c-0d106dcddbb9
30,eu-tgs22,2022-04-27T17:06:29Z,7198f970-216b-4688-b5e3-b26688d22030
31,eu-tgs22,2022-04-27T17:45:27Z,43bc0b6e-be6e-451f-8cb1-e3a200195425
32,eu-tgs22,2022-04-27T18:27:41Z,72a1c01f-5dd0-45a7-b6e5-224391eeffb6
33,eu-tgs22,2022-04-27T19:07:15Z,867ccbe3-186c-4a08-ab7b-fade579ddda2
34,eu-tgs22,2022-04-27T19:46:06Z,6ccc2168-747c-4375-b9c4-2057a5e12d03
35,eu-tgs22,2022-05-04T17:03:49Z,05dd452f-52e1-4f8d-b995-4b0b19277b2a
36,eu-tgs22,2022-05-04T17:43:27Z,2497d99c-4947-4205-a2f4-d6d09c556bd5
37,eu-tgs22,2022-05-04T18:44:57Z,37a66461-7daa-4b3a-b3ea-e1c52a6dff59
38,eu-tgs22,2022-05-04T19:25:18Z,0496c15e-44a6-403a-916d-89cf8e909d1e
39,eu-tgs22,2022-05-04T20:06:51Z,cadfe56a-b48d-42c4-b6d9-bf0d9c1dede3
40,eu-trt22,2022-04-22T15:22:58Z,fd8981d9-61ea-4bf7-9511-5c58eba7010b
41,eu-trt22,2022-04-22T16:18:55Z,6837a90f-bc8d-4cd6-aa0d-3710a7b6affc
42,eu-trt22,2022-04-22T18:10:17Z,49634508-f42a-4c39-a696-360347083736
43,eu-trt22,2022-04-22T18:55:48Z,c71ffdd0-346b-46c1-a14b-33e09d10e00c
44,eu-trt22,2022-04-22T20:04:21Z,e935d244-1c79-4438-a7e3-fb7bbfc0355b
45,eu-trt22,2022-04-22T20:44:28Z,1c3fa052-286b-4768-afc3-86bc30df40cd
46,eu-trt22,2022-04-22T21:23:23Z,3458905f-d9ae-4e8a-bf96-ab4ed2fa648d
47,eu-trt22,2022-04-22T21:28:53Z,9fffa6cb-6132-4764-a167-4a102bba05fb
48,eu-trt22,2022-04-22T21:49:35Z,bfb2c8d8-7733-4f99-b236-a980418ac0c9
49,eu-goats22,2022-04-19T17:08:12Z,7885f9ef-63e0-4c4a-8a0b-92185f123780
50,eu-goats22,2022-04-19T17:49:57Z,c259be9a-259f-405f-8c5b-3fe819f76be4
51,eu-goats22,2022-04-19T18:40:13Z,dc2fde20-e0f1-4d12-9806-c308c29b5f3b
52,eu-goats22,2022-04-19T19:19:19Z,32cc4678-25ca-4cc6-ae4c-8a9ec1540ff2
53,eu-goats22,2022-04-19T20:00:39Z,77da22af-f04b-4819-a9e6-8417f8716c67
54,eu-goats22,2022-04-19T20:40:30Z,2dbd0b60-0571-4b0c-8c2a-d0b500d2748a
55,eu-goats22,2022-04-20T17:10:39Z,adbfccd9-b059-4a37-840a-9a12519cdaef
56,eu-goats22,2022-04-20T17:50:36Z,f7ed6b38-12d8-40b9-b912-0b86954d1f73
57,eu-goats22,2022-04-20T18:29:18Z,ce24e858-5c28-4cd0-9164-fd433303b236
58,eu-goats22,2022-04-20T19:09:18Z,2d0c20e3-4c81-4483-96cc-7790c6757ee2
59,eu-goats22,2022-04-20T19:47:10Z,026ac81e-9135-4d01-8909-942e8a030d3c
60,eu-goats22,2022-04-20T20:28:21Z,6dbd02e8-cd6b-4ba3-bb26-6a5abc0096aa
61,eu-goats22,2022-04-23T17:05:27Z,3343ec68-e5e8-4682-8d4a-3562167ca51d
62,eu-goats22,2022-04-23T17:44:02Z,efa59fde-d474-4633-b392-904316f9d3f2
63,eu-goats22,2022-04-23T18:19:49Z,cbda54d3-ec24-4ba8-9937-41112cb550b0
64,eu-goats22,2022-04-23T18:55:29Z,91466437-0ed8-4f26-b90d-35b278a01673
65,eu-goats22,2022-04-23T19:34:10Z,187d39bb-a2a7-4efe-a324-17f675d26dcf
66,eu-goats22,2022-04-23T20:11:04Z,928d86e7-83cb-40ef-a2d0-74259975eeb1
67,eu-goats22,2022-04-24T17:06:13Z,2ae428a7-52a6-4416-9978-3d49986688b1
68,eu-goats22,2022-04-24T17:45:20Z,2015a8c2-3e8b-463f-b7b4-3a6988360210
69,eu-goats22,2022-04-24T18:23:20Z,6e51b836-d237-4ae9-a328-5a7e16593055
70,eu-goats22,2022-04-24T18:58:18Z,b2fa9754-6264-4b78-bc2e-b55487d7d1f7
71,eu-goats22,2022-04-24T19:35:10Z,56b6e2e3-f651-4006-9694-a5460290b864
72,eu-goats22,2022-04-24T20:15:12Z,4d9aae71-1250-4ace-9d32-b167f1b02a18
73,as-apls1,2022-04-17T09:49:47Z,e7f56298-fb3c-4cf1-9eba-eb5d08c462c5
74,as-apls1,2022-04-17T10:28:35Z,8791cffb-9599-414f-bc08-c4e64ebef7f0
75,as-apls1,2022-04-17T11:08:13Z,24bb9597-ef10-433f-a682-5de26c2a8740
76,as-apls1,2022-04-17T11:51:19Z,2eece809-88fd-48e8-86d1-f71b68e0de80
77,as-apls1,2022-04-17T12:30:31Z,22b070f6-ec05-4c92-bcc3-94b4344154cd
78,as-apls1,2022-04-18T09:47:53Z,948003c5-028f-4249-8cfc-2f0fdf8fcd59
79,as-apls1,2022-04-18T10:25:42Z,69f31c6d-1397-4650-bf1d-3a053f6cb162
80,as-apls1,2022-04-18T11:05:18Z,0d1101ab-36e7-45c6-99a5-e1e77e2814a8
81,as-apls1,2022-04-18T11:45:50Z,58a563e3-9e34-46b5-8b99-9b53bdb26b51
82,as-apls1,2022-04-18T12:24:47Z,a99d66e6-e1e9-4420-9872-fea4268fc113
83,as-apls1,2022-04-19T09:49:48Z,fffe59a8-50ef-4899-afc1-80d557c8b87c
84,as-apls1,2022-04-19T10:30:01Z,13d969d3-5713-48f5-99d4-74232cfdf468
85,as-apls1,2022-04-19T11:14:17Z,d26f4b6d-d42c-411e-9097-4b5e629ce1af
86,as-apls1,2022-04-19T11:55:42Z,c21e9132-1022-4398-979d-3b3b36bd3ccd
87,as-apls1,2022-04-19T12:36:50Z,cc09c69d-9911-4c8e-b98e-c041a16655db
88,as-apls1,2022-04-20T09:49:09Z,e5bc3419-57d9-43a1-b0e9-99dab70cee8b
89,as-apls1,2022-04-20T10:34:15Z,5be0271b-50ea-4d33-bc62-79599786564b
90,as-apls1,2022-04-20T11:13:24Z,e5e1d728-f4b4-429d-833c-cf1a778d12ca
91,as-apls1,2022-04-20T12:00:08Z,07ad1f6e-7c64-4617-8127-bd6c66774283
92,as-apls1,2022-04-20T12:39:49Z,b56d12f6-143f-4770-b011-b035b17423ca
93,as-apls1,2022-04-20T13:19:34Z,054c7baa-b931-4c50-896f-6fc2e8cb67c8
94,as-apls1,2022-04-21T09:48:43Z,8885555a-0330-47bc-a18d-fee93b2cb3f2
95,as-apls1,2022-04-21T10:24:16Z,a0e606f3-6d95-49cb-a4bb-7ee67b09f055
96,as-apls1,2022-04-21T11:01:08Z,ab13de14-ec12-45df-ab0a-c45f2409d779
97,as-apls1,2022-04-21T11:43:17Z,6b37c94b-b9d2-4f6d-8a57-73de996ec061
98,as-apls1,2022-04-21T12:20:17Z,31de9e3b-4027-4f42-845b-8443feac2012
99,as-apls1,2022-04-21T12:57:52Z,643fbba1-4277-4573-aeb1-549e9ce2e709
100,eu-esapa,2022-04-16T16:07:02Z,945df967-9de3-427a-b895-f364e303a0b8
101,eu-esapa,2022-04-16T16:46:39Z,89513bf2-df8a-4afb-a985-61c271451bc3
102,eu-esapa,2022-04-16T17:26:10Z,f214fb30-81af-4451-ba5f-97406a14e106
103,eu-esapa,2022-04-16T18:04:06Z,709b4c61-3e80-4490-b814-0d93158d6c61
104,eu-esapa,2022-04-16T18:44:34Z,1de44157-5e06-4c4f-a788-dd6dfaaff24e
105,eu-esapa,2022-04-17T16:06:20Z,768d71b2-7a06-4c8f-a104-e56795b9faac
106,eu-esapa,2022-04-17T16:47:51Z,e6f9785d-f877-4e4d-a283-a108d36c7809
107,eu-esapa,2022-04-17T17:27:50Z,080c5d38-00df-4f37-8620-ac71ebfd73f7
108,eu-esapa,2022-04-17T18:06:56Z,ffa01d08-66e5-4836-846e-9cd9336bba4a
109,eu-esapa,2022-04-17T18:50:49Z,5556d379-318d-4fd7-b4fc-3393b26e3bdb
110,eu-esapa,2022-04-20T16:04:17Z,24ecd1d1-0c15-4329-bdaa-542d1aa2acea
111,eu-esapa,2022-04-20T16:46:03Z,c9b478a8-120d-467a-8971-0cd26376fbbb
112,eu-esapa,2022-04-20T17:24:55Z,427c93f1-e402-4470-8806-b0343fe77fa3
113,eu-esapa,2022-04-20T18:06:44Z,0dbae2ac-7b90-4ce5-9791-5aaa88b392e8
114,eu-esapa,2022-04-20T18:47:12Z,73a65a98-9e2a-4739-8d5f-24ba7c042bc2
115,eu-esapa,2022-04-21T16:05:45Z,8690e9d7-27bc-478c-9fcd-03808c39d3e1
116,eu-esapa,2022-04-21T16:48:20Z,31c7de51-03e6-4abd-92d5-faa816adfd7c
117,eu-esapa,2022-04-21T17:25:43Z,010f4c3a-d010-4c4d-93c7-61e428c6f1d5
118,eu-esapa,2022-04-21T18:03:33Z,65953674-0ee1-4a79-b455-bf3ef8dedfab
119,eu-esapa,2022-04-21T18:41:04Z,61405ee5-22a8-41a4-bbee-2eea3b6d6c7f
120,eu-esapa,2022-04-27T16:05:21Z,9a8d24fb-55a3-4130-bdc0-821d148c274f
121,eu-esapa,2022-04-27T16:42:55Z,898213a8-3a13-4c50-bab4-8fdbc6368cf9
122,eu-esapa,2022-04-27T17:22:45Z,487b4c04-63e6-4fb3-888c-a18961ed4709
123,eu-esapa,2022-04-27T18:02:49Z,ce75434b-f02b-43ec-a32a-5a2ce4e85824
124,eu-esapa,2022-04-27T18:40:49Z,db82f1bb-8e72-490a-8d57-829af6908165
125,eu-esapa,2022-04-28T16:05:38Z,9d3cb613-8002-432f-a27e-0e42931fd768
126,eu-esapa,2022-04-28T16:46:45Z,b8db1f6e-e89f-4853-b8f6-7b2e8e24d856
127,eu-esapa,2022-04-28T17:27:08Z,22cc362b-094e-4872-a191-225a28df6b7b
128,eu-esapa,2022-04-28T18:04:49Z,ef0c1d1b-3ef3-4d4f-951d-310b1af60e25
129,eu-esapa,2022-04-28T18:41:09Z,4c2d3f35-2aa3-42ff-93eb-b87676083971
130,am-pcs6,2022-04-15T23:04:52Z,93539b3e-1c18-443a-aaad-d0916dbead4e
131,am-pcs6,2022-04-15T23:48:32Z,75d9bda1-46af-48b0-9899-b836b2ed3eea
132,am-pcs6,2022-04-16T00:34:09Z,72284e27-d709-42fb-bd3e-f9ff12768d42
133,am-pcs6,2022-04-16T01:17:54Z,ea0b1ef2-2a05-484e-a951-32bc0fcba41c
134,am-pcs6,2022-04-16T02:01:40Z,f605eb2c-6bf8-47e5-b12f-3325fcc8832f
135,am-pcs6,2022-04-16T23:00:53Z,ae5338d5-a4b5-4c2d-a594-540591cf620c
136,am-pcs6,2022-04-16T23:45:58Z,bd576f0c-b951-435b-a7fe-06594d0d298d
137,am-pcs6,2022-04-17T00:29:50Z,a9533203-8847-4891-bb74-07e1674e945c
138,am-pcs6,2022-04-17T01:16:27Z,7fc3546e-3511-4fdc-a7f2-b4b951884e84
139,am-pcs6,2022-04-17T01:58:21Z,064f4fa0-bd7b-43ee-81ed-5b53758986d1
140,am-pcs6,2022-04-17T23:01:22Z,d86464d1-fa24-40c8-998e-daa87d9768bc
141,am-pcs6,2022-04-17T23:45:03Z,68ca6236-17b7-41aa-a3b8-3ec185b9d2ae
142,am-pcs6,2022-04-18T00:27:20Z,9c427d74-8444-4c11-ae5d-450f3ae68a7b
143,am-pcs6,2022-04-18T01:11:16Z,ad746804-f8db-458a-b56b-93f176fb0f22
144,am-pcs6,2022-04-18T01:54:55Z,bb20bbd3-e793-4935-8d08-6d253bd3fa08
145,am-pcs6,2022-04-22T22:56:49Z,1faf5231-36bd-4d2f-be78-cc732565151a
146,am-pcs6,2022-04-22T23:38:50Z,4d9e698b-bde0-40a4-a042-77d9fc220bd3
147,am-pcs6,2022-04-23T00:22:35Z,5e4d427c-1318-4e2f-b35d-4b84991a976c
148,am-pcs6,2022-04-23T01:03:27Z,ea446533-f9b4-4d32-8a86-f5d5bac265e0
149,am-pcs6,2022-04-23T01:47:29Z,10ffc39c-26cc-49ca-968b-3bc7df9707ba
150,am-pcs6,2022-04-23T22:56:36Z,6848d5ef-e1a5-4dab-bbaf-ef0c2a00ca74
151,am-pcs6,2022-04-23T23:42:15Z,9a1815fc-e7f7-4c3a-bdfd-129a584a3cd6
152,am-pcs6,2022-04-24T00:27:12Z,2de8a57d-222d-475a-86e8-4a8ea7671985
153,am-pcs6,2022-04-24T01:09:33Z,b1345d6f-dc90-46d9-abc4-754ee5795e8e
154,am-pcs6,2022-04-24T01:55:06Z,fe61305c-2ff6-49b3-b9ed-d599f1fdbaea
155,am-pcs6,2022-04-24T22:59:09Z,177bae9a-f826-44fd-840c-f118efa3b2a3
156,am-pcs6,2022-04-24T23:43:50Z,4ec2c8e7-f946-4329-8d38-d39654f5eec6
157,am-pcs6,2022-04-25T00:26:58Z,59b573e6-bbc3-4ecb-98fc-5231bd774ae7
158,am-pcs6,2022-04-25T01:13:05Z,b1f34977-f08a-44d1-a1f9-3048c6f6171b
159,am-pcs6,2022-04-25T01:52:31Z,92db6276-517e-4ad2-90b6-ebcad6de176c
160,eu-pcs6,2022-04-29T16:43:48Z,04db9d39-6e6a-4be0-a836-4171ff9679d8
161,eu-pcs6,2022-04-29T17:26:10Z,8a0ce267-2852-4cc0-89b6-a269981235e4
162,eu-pcs6,2022-04-29T18:08:09Z,e183604d-e8dd-4798-8163-3d5dee3f6ca4
163,eu-pcs6,2022-04-29T18:58:23Z,9e54b757-6a9b-456f-ad4f-c87aeb2e5a9a
164,eu-pcs6,2022-04-29T19:43:42Z,a3a1de84-259a-46c4-b9f8-ae0ac70c726d
165,eu-pcs6,2022-04-30T16:44:09Z,ee699b5d-d6a6-46fb-a1e2-b1e8f395a9c5
166,eu-pcs6,2022-04-30T17:26:30Z,0835b094-d49e-4b9a-8234-86f08e8f4ce4
167,eu-pcs6,2022-04-30T18:09:05Z,a30d1554-4dcd-4459-9c97-76ae2323d518
168,eu-pcs6,2022-04-30T18:51:41Z,cedf633b-5a62-417d-bd32-a44839e5d5da
169,eu-pcs6,2022-04-30T19:34:38Z,bff839cc-8b81-47e4-9249-6f49f87835ea
170,eu-pcs6,2022-05-01T16:44:04Z,8c1f6b52-d143-4085-8356-879a7a9490f9
171,eu-pcs6,2022-05-01T17:27:47Z,867808f6-ebdf-42db-95fe-61b120f1eb6c
172,eu-pcs6,2022-05-01T18:10:47Z,4334b4bb-3b44-4afe-9a4f-b6dbb77392ba
173,eu-pcs6,2022-05-01T18:56:08Z,37aaea8c-5b6d-49b2-a342-aff5eba75e95
174,eu-pcs6,2022-05-01T19:43:58Z,e9af4664-16ef-4cd8-8bdc-6ac20afde3ec
175,as-pcs6,2022-04-29T09:47:34Z,a46829ff-5724-4f27-b906-bf9e18c5c299
176,as-pcs6,2022-04-29T10:27:24Z,b4466acd-385a-4eb8-aa1b-33916910a6eb
177,as-pcs6,2022-04-29T11:13:18Z,28d51093-941d-4683-bc15-de50e8a731cc
178,as-pcs6,2022-04-29T11:51:51Z,8c1b1565-db9f-42d5-8a7c-bc0eec32242d
179,as-pcs6,2022-04-29T12:36:42Z,5dbdb593-59aa-485c-aed4-099119b233a1
180,as-pcs6,2022-04-30T09:50:52Z,fc7a0319-b210-4eca-a826-0e3bc905e798
181,as-pcs6,2022-04-30T10:30:08Z,752fad9a-6480-46c6-81dd-fa642ea5b0ef
182,as-pcs6,2022-04-30T11:17:56Z,6194c52c-7772-4957-b8eb-4a29beff3515
183,as-pcs6,2022-04-30T12:03:09Z,606ef87b-f81f-4996-b500-1215e6c8f159
184,as-pcs6,2022-04-30T12:47:40Z,95e522d3-d543-4093-97bb-42aadb164f36
185,as-pcs6,2022-05-01T09:37:17Z,9c44b051-a486-4a85-a641-bfb1cd53d0c4
186,as-pcs6,2022-05-01T10:18:28Z,e8bd5c0c-c49e-4dd8-8971-61e246b718d1
187,as-pcs6,2022-05-01T11:00:46Z,f0ee2ffb-f07b-420d-b470-8828d60881e9
188,as-pcs6,2022-05-01T11:36:04Z,5a241327-6f5a-4d36-907e-20563341aa49
189,as-pcs6,2022-05-01T12:24:42Z,4714a2b9-e0a2-492b-9b5c-0d106dcddbb9
190,eu-tgs22,2022-04-27T17:06:29Z,7198f970-216b-4688-b5e3-b26688d22030
191,eu-tgs22,2022-04-27T17:45:27Z,43bc0b6e-be6e-451f-8cb1-e3a200195425
192,eu-tgs22,2022-04-27T18:27:41Z,72a1c01f-5dd0-45a7-b6e5-224391eeffb6
193,eu-tgs22,2022-04-27T19:07:15Z,867ccbe3-186c-4a08-ab7b-fade579ddda2
194,eu-tgs22,2022-04-27T19:46:06Z,6ccc2168-747c-4375-b9c4-2057a5e12d03
195,eu-tgs22,2022-05-04T17:03:49Z,05dd452f-52e1-4f8d-b995-4b0b19277b2a
196,eu-tgs22,2022-05-04T17:43:27Z,2497d99c-4947-4205-a2f4-d6d09c556bd5
197,eu-tgs22,2022-05-04T18:44:57Z,37a66461-7daa-4b3a-b3ea-e1c52a6dff59
198,eu-tgs22,2022-05-04T19:25:18Z,0496c15e-44a6-403a-916d-89cf8e909d1e
199,eu-tgs22,2022-05-04T20:06:51Z,cadfe56a-b48d-42c4-b6d9-bf0d9c1dede3
200,eu-trt22,2022-04-22T15:22:58Z,fd8981d9-61ea-4bf7-9511-5c58eba7010b
201,eu-trt22,2022-04-22T16:18:55Z,6837a90f-bc8d-4cd6-aa0d-3710a7b6affc
202,eu-trt22,2022-04-22T18:10:17Z,49634508-f42a-4c39-a696-360347083736
203,eu-trt22,2022-04-22T18:55:48Z,c71ffdd0-346b-46c1-a14b-33e09d10e00c
204,eu-trt22,2022-04-22T20:04:21Z,e935d244-1c79-4438-a7e3-fb7bbfc0355b
205,eu-trt22,2022-04-22T20:44:28Z,1c3fa052-286b-4768-afc3-86bc30df40cd
206,eu-trt22,2022-04-22T21:23:23Z,3458905f-d9ae-4e8a-bf96-ab4ed2fa648d
207,eu-trt22,2022-04-22T21:28:53Z,9fffa6cb-6132-4764-a167-4a102bba05fb
208,eu-trt22,2022-04-22T21:49:35Z,bfb2c8d8-7733-4f99-b236-a980418ac0c9
209,eu-goats22,2022-04-19T17:08:12Z,7885f9ef-63e0-4c4a-8a0b-92185f123780
210,eu-goats22,2022-04-19T17:49:57Z,c259be9a-259f-405f-8c5b-3fe819f76be4
211,eu-goats22,2022-04-19T18:40:13Z,dc2fde20-e0f1-4d12-9806-c308c29b5f3b
212,eu-goats22,2022-04-19T19:19:19Z,32cc4678-25ca-4cc6-ae4c-8a9ec1540ff2
213,eu-goats22,2022-04-19T20:00:39Z,77da22af-f04b-4819-a9e6-8417f8716c67
214,eu-goats22,2022-04-19T20:40:30Z,2dbd0b60-0571-4b0c-8c2a-d0b500d2748a
215,eu-goats22,2022-04-20T17:10:39Z,adbfccd9-b059-4a37-840a-9a12519cdaef
216,eu-goats22,2022-04-20T17:50:36Z,f7ed6b38-12d8-40b9-b912-0b86954d1f73
217,eu-goats22,2022-04-20T18:29:18Z,ce24e858-5c28-4cd0-9164-fd433303b236
218,eu-goats22,2022-04-20T19:09:18Z,2d0c20e3-4c81-4483-96cc-7790c6757ee2
219,eu-goats22,2022-04-20T19:47:10Z,026ac81e-9135-4d01-8909-942e8a030d3c
220,eu-goats22,2022-04-20T20:28:21Z,6dbd02e8-cd6b-4ba3-bb26-6a5abc0096aa
221,eu-goats22,2022-04-23T17:05:27Z,3343ec68-e5e8-4682-8d4a-3562167ca51d
222,eu-goats22,2022-04-23T17:44:02Z,efa59fde-d474-4633-b392-904316f9d3f2
223,eu-goats22,2022-04-23T18:19:49Z,cbda54d3-ec24-4ba8-9937-41112cb550b0
224,eu-goats22,2022-04-23T18:55:29Z,91466437-0ed8-4f26-b90d-35b278a01673
225,eu-goats22,2022-04-23T19:34:10Z,187d39bb-a2a7-4efe-a324-17f675d26dcf
226,eu-goats22,2022-04-23T20:11:04Z,928d86e7-83cb-40ef-a2d0-74259975eeb1
227,eu-goats22,2022-04-24T17:06:13Z,2ae428a7-52a6-4416-9978-3d49986688b1
228,eu-goats22,2022-04-24T17:45:20Z,2015a8c2-3e8b-463f-b7b4-3a6988360210
229,eu-goats22,2022-04-24T18:23:20Z,6e51b836-d237-4ae9-a328-5a7e16593055
230,eu-goats22,2022-04-24T18:58:18Z,b2fa9754-6264-4b78-bc2e-b55487d7d1f7
231,eu-goats22,2022-04-24T19:35:10Z,56b6e2e3-f651-4006-9694-a5460290b864
232,eu-goats22,2022-04-24T20:15:12Z,4d9aae71-1250-4ace-9d32-b167f1b02a18
